time,t_data,g2p_data,NN1,NN2,g1p_fit,g2p_fit,Xact_fit,g1p_GT,g2p_GT,Xact_GT
0.0,0.0,1.807890083183439e-5,0.9973490744612401,1.0025611390516587,0.0,0.0,0.0,0.0,0.0,0.0
0.125,1.25,0.022995171699779285,0.9973630490795143,1.0025873495270745,0.004757372,0.0022111689,5.996323e-6,0.0047444794,0.0022063963,5.985201e-6
0.25,2.5,0.03969605812506483,0.997373044154987,1.0025926313898434,0.0047728214,0.0047933487,2.7910148e-5,0.00475968,0.0047817575,2.784778e-5
0.375,3.75,0.05761397754120189,0.997382916885748,1.0025977982941872,0.0047728247,0.0072894203,6.5654844e-5,0.0047597294,0.007271435,6.5499975e-5
0.5,5.0,0.06708537097969387,0.9973926595282909,1.0026029322432206,0.004772776,0.009704613,0.00011868558,0.00475973,0.009680643,0.0001183997
0.625,6.25,0.07838522840983395,0.9974022573660319,1.0026080447588266,0.0047727283,0.012044876,0.00018649599,0.00475973,0.012015304,0.00018604324
0.75,7.5,0.08865997120067347,0.9974116979122846,1.002613145897553,0.0047726803,0.014315458,0.00026861473,0.00475973,0.014280605,0.00026796074
0.875,8.75,0.09859204679125472,0.997420970634212,1.0026182447327971,0.004772634,0.016521033,0.00036460196,0.00475973,0.016481215,0.00036371508
1.0,10.0,0.10590335875463111,0.9974300665942588,1.002623349445804,0.004772588,0.018665776,0.00047404566,0.00475973,0.018621257,0.00047289606
1.125,11.25,0.11177158161063915,0.9974389781565879,1.002628467433684,0.004772543,0.020753426,0.0005965586,0.004759731,0.020704484,0.0005951176
1.25,12.5,0.11827928569106456,0.9974476989070211,1.0026336054748464,0.0047724997,0.022787375,0.0007317765,0.004759731,0.022734245,0.00073001895
1.375,13.75,0.12584693480893017,0.9974562232798868,1.002638769696103,0.0047724564,0.024770672,0.0008793553,0.0047597312,0.02471357,0.00087725645
1.5,15.0,0.13120981081775407,0.9974645466484687,1.0026439657707082,0.0047724145,0.026706107,0.0010389696,0.0047597317,0.026645249,0.0010365044
1.625,16.25,0.13701882211428767,0.9974726649967701,1.0026491988606883,0.004772374,0.028596211,0.0012103105,0.0047597317,0.028531788,0.0012074587
1.75,17.5,0.14199130597767567,0.9974805750018628,1.0026544737526752,0.004772334,0.030443314,0.0013930849,0.0047597317,0.03037552,0.0013898239
1.875,18.75,0.14508532934925122,0.997488273746923,1.0026597948250737,0.004772295,0.032249536,0.0015870138,0.0047597317,0.03217853,0.0015833253
2.0,20.0,0.15056244599950477,0.9974957589513032,1.0026651661933648,0.0047722575,0.034016855,0.001791831,0.0047597317,0.033942774,0.0017876938
2.125,21.25,0.15355291910624477,0.9975030285683171,1.0026705916104846,0.0047722207,0.035747074,0.0020072828,0.0047597317,0.03567007,0.0020026814
2.25,22.5,0.15625088289819636,0.99751008096866,1.0026760745705805,0.0047721853,0.037441865,0.0022331246,0.0047597317,0.03736207,0.0022280395
2.375,23.75,0.1612457393610396,0.9975169147548135,1.0026816183302008,0.004772151,0.039102778,0.0024691252,0.0047597317,0.03902037,0.0024635398
2.5,25.0,0.16452722345437054,0.9975235290427468,1.002687226015566,0.0047721174,0.04073129,0.0027150628,0.0047597317,0.040646385,0.002708964
2.625,26.25,0.1671463884152332,0.9975299228330714,1.0026929003563267,0.004772085,0.042328708,0.0029707195,0.0047597317,0.042241376,0.0029640882
2.75,27.5,0.16991064683930326,0.9975360955439079,1.0026986440552879,0.004772054,0.043896306,0.0032358922,0.0047597317,0.043806646,0.0032287163
2.875,28.75,0.17316283525181655,0.9975420467252625,1.0027044595938672,0.004772024,0.045435257,0.0035103827,0.0047597317,0.04534343,0.003502652
3.0,30.0,0.1763727040701487,0.9975477760611258,1.0027103492811351,0.0047719954,0.046946656,0.0037940003,0.0047597317,0.04685277,0.0037856996
3.125,31.25,0.17882067943995458,0.9975532834684124,1.002716315316541,0.0047719674,0.04843154,0.0040865606,0.0047597317,0.048335668,0.0040776837
3.25,32.5,0.18009207630523175,0.9975585689032473,1.0027223597335884,0.004771941,0.04989088,0.004387886,0.0047597317,0.04979311,0.0043784208
3.375,33.75,0.18247747613999502,0.9975636324768608,1.0027284844696105,0.0047719153,0.051325586,0.0046978053,0.0047597317,0.051226012,0.0046877367
3.5,35.0,0.18525225584775906,0.9975684743481675,1.0027346912894148,0.004771891,0.05273651,0.005016151,0.0047597317,0.05263525,0.0050054747
3.625,36.25,0.18783718904325006,0.9975730948351794,1.002740981946479,0.0047718678,0.054124475,0.0053427652,0.0047597317,0.05402157,0.005331461
3.75,37.5,0.19006102239091383,0.9975774943408585,1.0027473580559527,0.0047718454,0.05549025,0.005677493,0.0047597317,0.055385787,0.0056655607
3.875,38.75,0.19123112327587244,0.9975816732069931,1.002753821102339,0.004771824,0.056834556,0.0060201837,0.0047597317,0.05672864,0.006007617
4.0,40.0,0.19239621829455802,0.9975856320471154,1.0027603725235927,0.0047718035,0.058158085,0.0063706897,0.0047597317,0.05805075,0.0063574775
4.125,41.25,0.19559739077985092,0.9975893712981896,1.002767013668774,0.0047717853,0.059461482,0.006728872,0.0047597317,0.059352808,0.006715012
4.25,42.5,0.1961942307545936,0.9975928916370804,1.0027737458115786,0.004771767,0.060745373,0.007094593,0.0047597317,0.060635407,0.007080073
4.375,43.75,0.19776793788117986,0.9975961937230748,1.0027805702034973,0.0047717504,0.062010355,0.0074677207,0.0047597317,0.061899137,0.0074525243
4.5,45.0,0.1996294009472689,0.9975992781582491,1.002787487860285,0.004771735,0.063256964,0.00784812,0.0047597317,0.0631446,0.007832253
4.625,46.25,0.20250137696035908,0.997602145781003,1.002794499970029,0.00477172,0.06448576,0.008235671,0.0047597317,0.064372346,0.008219135
4.75,47.5,0.20260667624811343,0.9976047971856246,1.0028016075035904,0.0047717066,0.06569723,0.00863025,0.004759732,0.06558281,0.008613019
4.875,48.75,0.20256239476719207,0.9976072331836889,1.002808811349413,0.0047716945,0.06689186,0.009031733,0.004759732,0.06677661,0.009013833
5.0,50.0,0.20601868762994296,0.9976094546047329,1.0028161124931398,0.0047716834,0.06807011,0.009440008,0.004759732,0.06795399,0.009421417
5.125,51.25,0.2066191179178623,0.9976114624019452,1.0028235118239548,0.004771673,0.06923246,0.00985496,0.004759732,0.06911548,0.009835674
5.25,52.5,0.20675966797355552,0.9976132573815527,1.0028310101798346,0.004771664,0.07037931,0.010276482,0.004759732,0.070261575,0.010256491
5.375,53.75,0.20743898655525772,0.9976148402919011,1.002838608193526,0.004771656,0.07151105,0.010704461,0.004759732,0.07139253,0.010683757
5.5,55.0,0.20930981287033001,0.9976162119903086,1.0028463066405144,0.004771649,0.07262808,0.011138793,0.004759732,0.07250888,0.011117378
5.625,56.25,0.21145795583839572,0.9976173734594017,1.0028541062769283,0.0047716424,0.07373078,0.011579379,0.004759732,0.07361089,0.0115572475
5.75,57.5,0.21021612839684858,0.9976183254941656,1.0028620076359462,0.0047716377,0.07481949,0.012026114,0.004759732,0.074698955,0.012003276
5.875,58.75,0.21177533033352636,0.9976190690972456,1.002870011393438,0.0047716335,0.075894564,0.012478902,0.004759732,0.075773396,0.012455347
6.0,60.0,0.21287674444951102,0.997619605235695,1.0028781182151378,0.0047716307,0.07695635,0.01293765,0.004759732,0.07683469,0.012913384
6.125,61.25,0.21471646583550869,0.997619934743587,1.0028863285384806,0.004771629,0.078005135,0.013402261,0.004759732,0.077882975,0.013377283
6.25,62.5,0.21501150039061948,0.9976200586154804,1.0028946429784575,0.0047716284,0.07904125,0.013872647,0.004759732,0.07891859,0.013846943
6.375,63.75,0.21670383593701195,0.9976199776458446,1.0029030618150256,0.0047716284,0.08006495,0.01434871,0.004759732,0.07994197,0.01432229
6.5,65.0,0.21658282687851205,0.9976196927886076,1.0029115857522122,0.00477163,0.081076555,0.014830376,0.004759732,0.08095312,0.014803217
6.625,66.25,0.2175507571358411,0.9976192050664087,1.002920215091701,0.0047716326,0.08207632,0.01531755,0.004759732,0.081952505,0.015289689
6.75,67.5,0.21826533019269492,0.9976185154575032,1.0029289502659129,0.0047716354,0.08306451,0.015810149,0.004759732,0.08294037,0.01578156
6.875,68.75,0.21767734316255002,0.9976176248052739,1.0029377916497482,0.00477164,0.08404138,0.016308092,0.004759732,0.08391695,0.01627877
7.0,70.0,0.21849021680646194,0.9976165340612829,1.0029467396030713,0.0047716447,0.08500717,0.016811298,0.004759732,0.08488252,0.016781248
7.125,71.25,0.22010318347427557,0.9976152441757854,1.0029557944904237,0.0047716512,0.08596212,0.01731969,0.004759732,0.08583726,0.017288927
7.25,72.5,0.21869246982638835,0.9976137561074203,1.0029649565766021,0.0047716587,0.08690645,0.017833188,0.004759732,0.08678135,0.017801708
7.375,73.75,0.2208783967709561,0.9976120707983334,1.0029742262508938,0.0047716666,0.08784039,0.01835172,0.004759732,0.08771513,0.018319516
7.5,75.0,0.2210310283846653,0.9976101892308586,1.0029836036661377,0.004771676,0.08876415,0.018875206,0.004759732,0.08863867,0.018842272
7.625,76.25,0.22189277892606485,0.9976081121670746,1.0029930891147723,0.004771686,0.08967793,0.019403577,0.004759732,0.08955233,0.019369898
7.75,77.5,0.2232069172079818,0.997605840592275,1.0030026826833167,0.004771697,0.09058191,0.019936753,0.004759732,0.09045622,0.019902378
7.875,78.75,0.22406382031902808,0.9976033755570581,1.0030123848953345,0.004771709,0.09147632,0.020474678,0.004759732,0.091350645,0.02043957
8.0,80.0,0.22301957817316562,0.9976007179569254,1.00302219575413,0.0047717225,0.09236133,0.021017272,0.004759732,0.092235655,0.020981446
8.125,81.25,0.22361300491708153,0.9975978685634618,1.003032115424773,0.004771737,0.09323711,0.02156447,0.004759732,0.09311139,0.02152793
8.25,82.5,0.2245454731467494,0.9975948284578933,1.0030421442491864,0.0047717523,0.09410386,0.022116212,0.004759732,0.093978174,0.022078954
8.375,83.75,0.2250664697437024,0.9975915985361914,1.0030522823317103,0.0047717676,0.09496174,0.02267243,0.004759732,0.09483608,0.022634396
8.5,85.0,0.2266526986395607,0.9975881796504437,1.0030625296190947,0.004771785,0.0958109,0.02323305,0.004759732,0.09568536,0.023194307
8.625,86.25,0.22565033740703858,0.9975845730000201,1.0030728863462395,0.0047718026,0.09665152,0.023798011,0.004759732,0.09652615,0.02375863
8.75,87.5,0.22587618637654425,0.9975807790408128,1.0030833527967598,0.0047718217,0.09748375,0.024367267,0.004759732,0.097358465,0.02432716
8.875,88.75,0.22606887626918096,0.9975767990033012,1.003093928880457,0.004771841,0.098307736,0.024940742,0.004759732,0.098182574,0.024899911
9.0,90.0,0.22635436228581426,0.9975726336365698,1.0031046148696603,0.004771862,0.09912364,0.025518388,0.004759732,0.098998606,0.025476793
9.125,91.25,0.22710631107124593,0.9975682837707296,1.0031154106280726,0.004771884,0.09993158,0.026100136,0.004759732,0.099806696,0.026057808
9.25,92.5,0.22906862643826215,0.9975637506163718,1.003126316238728,0.0047719064,0.100731716,0.026685925,0.004759732,0.100607045,0.026642917
9.375,93.75,0.22595627835018628,0.9975590347476423,1.0031373316702985,0.0047719292,0.10152415,0.0272757,0.004759732,0.101399824,0.027232008
9.5,95.0,0.2273875867979016,0.9975541373559255,1.0031484572427871,0.004771954,0.10230906,0.02786941,0.004759732,0.102184914,0.027825002
9.625,96.25,0.22768207463623413,0.9975490590534353,1.0031596927073467,0.004771979,0.10308654,0.028466996,0.004759732,0.10296269,0.028421868
9.75,97.5,0.2279826541541781,0.997543800778835,1.0031710380781926,0.0047720056,0.103856705,0.0290684,0.004759732,0.10373318,0.029022591
9.875,98.75,0.22863802828686658,0.9975383632656114,1.0031824936636937,0.0047720326,0.104619704,0.029673584,0.004759732,0.10449648,0.029627098
10.0,100.0,0.22822244900165833,0.9975327478589495,1.0031940592278494,0.0047720606,0.105375655,0.030282477,0.004759732,0.10525281,0.030235317
10.125,0.0,0.0,0.9975269548508529,1.0032057348660997,0.004772089,0.106124654,0.030895043,0.004759732,0.10600211,0.030847162
10.25,0.0,0.0,0.9975209855056696,1.0032175205161027,0.004772119,0.10686683,0.03151122,0.004759732,0.10674466,0.03146267
10.375,0.0,0.0,0.9975148407309885,1.003229415801425,0.00477215,0.10760226,0.032130945,0.004759732,0.10748062,0.032081764
10.5,0.0,0.0,0.9975085209763532,1.0032414212272223,0.004772181,0.108331084,0.032754198,0.004759732,0.10820982,0.03270437
10.625,0.0,0.0,0.9975020271831306,1.0032535364482436,0.0047722138,0.10905338,0.033380914,0.004759732,0.10893252,0.03333043
10.75,0.0,0.0,0.9974953606756728,1.0032657613524245,0.004772247,0.10976927,0.034011036,0.004759732,0.10964878,0.033959858
10.875,0.0,0.0,0.9974885216921687,1.003278096104871,0.004772281,0.11047884,0.034644537,0.004759732,0.110358894,0.03459274
11.0,0.0,0.0,0.9974815115506191,1.0032905405540642,0.0047723157,0.111182205,0.035281356,0.004759732,0.11106269,0.035228927
11.125,0.0,0.0,0.9974743308323752,1.0033030945300134,0.004772352,0.11187944,0.03592145,0.004759732,0.11176041,0.035868347
11.25,0.0,0.0,0.99746698014789,1.003315758128262,0.004772389,0.112570636,0.036564786,0.004759732,0.11245205,0.036510993
11.375,0.0,0.0,0.9974594608467163,1.0033285311395659,0.0047724256,0.1132559,0.037211303,0.004759732,0.11313777,0.03715687
11.5,0.0,0.0,0.997451773265214,1.0033414133083431,0.0047724643,0.11393529,0.03786096,0.004759732,0.11381765,0.037805848
11.625,0.0,0.0,0.9974439188206283,1.0033544045999876,0.004772504,0.11460892,0.038513705,0.004759732,0.114491805,0.038457986
11.75,0.0,0.0,0.9974358975654998,1.0033675049362005,0.0047725434,0.11527684,0.039169513,0.004759732,0.115160234,0.03911313
11.875,0.0,0.0,0.9974277108017583,1.0033807142079898,0.004772585,0.11593916,0.03982833,0.004759732,0.11582309,0.039771266
12.0,0.0,0.0,0.9974193591762941,1.0033940322072918,0.0047726263,0.116595946,0.040490117,0.004759732,0.11648044,0.04043242
12.125,0.0,0.0,0.9974108434370871,1.0034074589804722,0.0047726682,0.11724728,0.04115484,0.004759732,0.117132396,0.04109651
12.25,0.0,0.0,0.9974021647291014,1.0034209940731602,0.0047727125,0.11789324,0.041822437,0.004759732,0.11777895,0.0417635
12.375,0.0,0.0,0.997393323696048,1.0034346374123175,0.0047727567,0.118533894,0.042492878,0.004759732,0.11842017,0.04243327
12.5,0.0,0.0,0.9973843208047313,1.003448389355385,0.0047728014,0.11916934,0.043166146,0.004759732,0.11905623,0.043105945
12.625,0.0,0.0,0.997375156938699,1.0034622492396963,0.0047728475,0.119799614,0.04384218,0.004759732,0.11968706,0.043781385
12.75,0.0,0.0,0.9973658334516429,1.0034762168159015,0.0047728936,0.12042481,0.044520933,0.004759732,0.12031294,0.04445961
12.875,0.0,0.0,0.9973563503497113,1.0034902923637212,0.004772941,0.121044986,0.045202393,0.004759732,0.12093374,0.045140512
13.0,0.0,0.0,0.9973467088705902,1.0035044752295137,0.0047729895,0.1216602,0.045886498,0.004759732,0.121549666,0.045824062
13.125,0.0,0.0,0.9973369094292668,1.003518765771726,0.0047730384,0.12227055,0.046573237,0.004759732,0.12216066,0.04651018
13.25,0.0,0.0,0.9973269533146004,1.003533163328692,0.004773088,0.12287607,0.047262546,0.004759732,0.122766815,0.047198925
13.375,0.0,0.0,0.997316840817428,1.0035476678505975,0.0047731386,0.123476826,0.047954403,0.004759732,0.12336825,0.047890212
13.5,0.0,0.0,0.9973065729017232,1.0035622789875838,0.0047731902,0.12407287,0.048648763,0.004759732,0.12396507,0.048584018
13.625,0.0,0.0,0.9972961503647705,1.00357699660566,0.0047732424,0.12466428,0.049345594,0.004759732,0.12455723,0.049280383
13.75,0.0,0.0,0.9972855737468685,1.003591820636817,0.004773295,0.1252511,0.05004487,0.004759732,0.12514482,0.04997913
13.875,0.0,0.0,0.9972748440719487,1.0036067508372888,0.0047733486,0.1258334,0.050746545,0.004759732,0.1257279,0.050680283
14.0,0.0,0.0,0.9972639617538654,1.003621786807414,0.0047734026,0.12641123,0.05145059,0.004759732,0.12630667,0.051383805
14.125,0.0,0.0,0.9972529277366119,1.0036369289157392,0.0047734585,0.12698467,0.05215699,0.004759732,0.12688078,0.05208967
14.25,0.0,0.0,0.9972417425926058,1.0036521762435378,0.0047735143,0.12755373,0.052865684,0.004759732,0.1274505,0.052797776
14.375,0.0,0.0,0.9972304081576306,1.003667528844736,0.0047735707,0.12811853,0.053576633,0.004759732,0.12801594,0.053508252
14.5,0.0,0.0,0.9972189239792278,1.0036829866797654,0.004773628,0.12867908,0.054289833,0.004759732,0.12857732,0.05422094
14.625,0.0,0.0,0.9972072911266592,1.0036985492025667,0.004773686,0.12923543,0.055005234,0.004759732,0.12913443,0.054935824
14.75,0.0,0.0,0.9971955100210623,1.003714216276022,0.004773745,0.12978762,0.055722814,0.004759732,0.12968735,0.055652943
14.875,0.0,0.0,0.9971835818522073,1.0037299875188588,0.004773805,0.13033572,0.05644253,0.004759732,0.13023625,0.056372166
15.0,0.0,0.0,0.9971715066825529,1.003745863260485,0.004773865,0.13087977,0.05716438,0.004759732,0.13078104,0.057093505
15.125,0.0,0.0,0.9971592863160401,1.0037618427556476,0.0047739265,0.13141985,0.057888296,0.004759732,0.13132186,0.05781697
15.25,0.0,0.0,0.99714692049544,1.0037779258738815,0.004773988,0.13195597,0.058614273,0.004759732,0.13185886,0.058542464
15.375,0.0,0.0,0.9971344103086397,1.0037941118757698,0.0047740513,0.13248815,0.059342258,0.004759732,0.13239186,0.05926996
15.5,0.0,0.0,0.9971217572970539,1.0038104011027251,0.004774114,0.13301651,0.060072225,0.004759732,0.13292111,0.059999526
15.625,0.0,0.0,0.9971089604140569,1.0038267928056368,0.0047741784,0.133541,0.060804162,0.004759732,0.13344651,0.060731012
15.75,0.0,0.0,0.9970960217984214,1.0038432872047782,0.004774243,0.13406175,0.06153803,0.004759732,0.13396801,0.06146445
15.875,0.0,0.0,0.9970829411829933,1.0038598837475443,0.0047743083,0.13457875,0.062273808,0.004759732,0.13448577,0.06219982
16.0,0.0,0.0,0.9970697198752703,1.0038765827558598,0.0047743744,0.1350921,0.063011475,0.004759732,0.13499992,0.062937066
16.125,0.0,0.0,0.9970563590045795,1.003893383019565,0.0047744415,0.13560179,0.06375097,0.004759732,0.13551043,0.06367611
16.25,0.0,0.0,0.9970428581878905,1.0039102850217434,0.0047745095,0.13610788,0.0644923,0.004759732,0.13601731,0.06441703
16.375,0.0,0.0,0.997029219056952,1.0039272877005405,0.0047745775,0.13661039,0.065235406,0.004759732,0.13652061,0.06515976
16.5,0.0,0.0,0.9970154414581058,1.0039443911698789,0.004774647,0.13710935,0.065980285,0.004759732,0.13702036,0.065904275
16.625,0.0,0.0,0.9970015260273442,1.003961595508936,0.004774716,0.13760483,0.06672692,0.004759732,0.13751668,0.06665048
16.75,0.0,0.0,0.9969874744045245,1.003978900161405,0.0047747865,0.13809688,0.06747527,0.004759732,0.13800947,0.067398384
16.875,0.0,0.0,0.9969732874991489,1.0039963043161866,0.004774858,0.13858552,0.06822527,0.004759732,0.13849871,0.06814801
17.0,0.0,0.0,0.9969589642227246,1.0040138084756498,0.004774929,0.13907076,0.06897697,0.004759732,0.1389848,0.06889928
17.125,0.0,0.0,0.9969445064569149,1.004031411941439,0.0047750017,0.13955267,0.0697303,0.004759732,0.13946767,0.06965219
17.25,0.0,0.0,0.9969299147673047,1.0040491138836027,0.004775075,0.14003123,0.07048522,0.004759732,0.13994725,0.07040674
17.375,0.0,0.0,0.9969151906041481,1.0040669148936936,0.0047751484,0.14050658,0.07124172,0.004759732,0.14042342,0.071162924
17.5,0.0,0.0,0.996900332937676,1.004084814975856,0.004775223,0.1409787,0.07199982,0.004759732,0.14089644,0.071920656
17.625,0.0,0.0,0.9968853439421872,1.0041028130007814,0.004775298,0.14144762,0.072759435,0.004759732,0.14136626,0.07267991
17.75,0.0,0.0,0.9968702233858179,1.0041209089491454,0.004775374,0.14191337,0.07352057,0.004759732,0.14183292,0.0734407
17.875,0.0,0.0,0.9968549724768951,1.0041391020809816,0.00477545,0.14237598,0.07428318,0.004759732,0.1422963,0.07420298
18.0,0.0,0.0,0.9968395905882155,1.0041573926500726,0.0047755265,0.14283545,0.075047284,0.004759732,0.14275655,0.07496672
18.125,0.0,0.0,0.9968240805021357,1.004175779913254,0.004775605,0.14329189,0.0758128,0.004759732,0.1432137,0.075731784
18.25,0.0,0.0,0.9968084414684665,1.0041942636844974,0.004775683,0.14374527,0.07657974,0.004759732,0.14366807,0.07649843
18.375,0.0,0.0,0.9967926746798975,1.0042128437914524,0.004775762,0.14419566,0.077348076,0.004759732,0.1441194,0.07726644
18.5,0.0,0.0,0.9967767799445116,1.0042315204738812,0.0047758417,0.14464308,0.07811781,0.004759732,0.14456753,0.078035764
18.625,0.0,0.0,0.9967607598491217,1.0042502912984934,0.004775922,0.14508753,0.07888883,0.004759732,0.14501287,0.0788065
18.75,0.0,0.0,0.9967446128779972,1.0042691584711378,0.0047760024,0.14552908,0.07966123,0.004759732,0.14545526,0.079578616
18.875,0.0,0.0,0.9967283410086226,1.0042881199834102,0.004776085,0.14596772,0.0804349,0.004759732,0.14589483,0.08035194
19.0,0.0,0.0,0.9967119442344932,1.0043071767595497,0.0047761668,0.14640354,0.08120988,0.004759732,0.1463313,0.08112652
19.125,0.0,0.0,0.9966954239827953,1.0043263266248044,0.004776249,0.14683647,0.081986085,0.004759732,0.14676505,0.08190257
19.25,0.0,0.0,0.9966787802170362,1.0043455708231999,0.0047763335,0.14726663,0.08276354,0.004759732,0.14719602,0.08267978
19.375,0.0,0.0,0.9966620130442134,1.004364909151069,0.004776417,0.147694,0.083542235,0.004759732,0.14762428,0.08345825
19.5,0.0,0.0,0.9966451240591483,1.0043843401298558,0.0047765016,0.14811862,0.08432211,0.004759732,0.14804986,0.084237926
19.625,0.0,0.0,0.996628113517356,1.00440386427961,0.004776587,0.14854051,0.08510317,0.004759732,0.14847259,0.08501873
19.75,0.0,0.0,0.996610982172006,1.0044234809730996,0.004776673,0.14895971,0.08588538,0.004759732,0.14889267,0.08580071
19.875,0.0,0.0,0.9965937308192897,1.0044431892721832,0.0047767595,0.14937621,0.086668715,0.004759732,0.14931022,0.08658381
20.0,0.0,0.0,0.9965763599470909,1.0044629895581825,0.004776846,0.14979008,0.087453164,0.004759732,0.14972499,0.08736807
20.125,0.0,0.0,0.996558870115921,1.004482881350532,0.004776934,0.15020132,0.08823871,0.004759732,0.15013707,0.088153325
20.25,0.0,0.0,0.9965412616663708,1.0045028645923006,0.0047770226,0.15060997,0.08902534,0.004759732,0.15054655,0.08893973
20.375,0.0,0.0,0.9965235355904785,1.0045229387783257,0.004777111,0.15101606,0.08981303,0.004759732,0.15095343,0.08972702
20.5,0.0,0.0,0.996505692636795,1.0045431038669674,0.0047772005,0.15141962,0.090601765,0.004759732,0.15135795,0.09051565
20.625,0.0,0.0,0.9964877331483071,1.0045633578390498,0.0047772904,0.1518206,0.09139149,0.004759732,0.15175992,0.091305226
20.75,0.0,0.0,0.9964696576913198,1.0045837027629887,0.004777381,0.15221913,0.09218224,0.004759732,0.15215926,0.092095755
20.875,0.0,0.0,0.9964514668689879,1.0046041361524687,0.004777473,0.15261513,0.092973955,0.004759732,0.15255615,0.09288738
21.0,0.0,0.0,0.9964331619211755,1.0046246596219546,0.0047775647,0.15300874,0.093766645,0.004759732,0.15295058,0.0936798
21.125,0.0,0.0,0.9964147439734545,1.0046452697307429,0.004777657,0.15339985,0.09456021,0.004759732,0.15334274,0.094473206
21.25,0.0,0.0,0.9963962117586969,1.004665968744285,0.00477775,0.15378855,0.095354736,0.004759732,0.15373231,0.09526752
21.375,0.0,0.0,0.9963775666171141,1.0046867553577568,0.0047778436,0.15417483,0.09615016,0.004759732,0.15411955,0.096062765
21.5,0.0,0.0,0.9963588088912214,1.004707630136986,0.004777937,0.15455876,0.09694649,0.004759732,0.15450425,0.09685882
21.625,0.0,0.0,0.996339939863813,1.0047285924154967,0.004778032,0.15494037,0.0977437,0.004759732,0.15488668,0.09765583
21.75,0.0,0.0,0.9963209604713033,1.0047496411765369,0.004778127,0.15531965,0.09854174,0.004759732,0.15526685,0.09845372
21.875,0.0,0.0,0.9963018710990176,1.0047707766896674,0.004778223,0.15569665,0.09934061,0.004759732,0.15564479,0.09925252
22.0,0.0,0.0,0.9962826714214602,1.0047919982607851,0.0047783195,0.15607134,0.10014031,0.004759732,0.1560203,0.10005197
22.125,0.0,0.0,0.9962633618701985,1.0048133058332989,0.0047784164,0.15644374,0.10094083,0.004759732,0.15639353,0.10085236
22.25,0.0,0.0,0.99624394508721,1.0048346980628364,0.004778514,0.15681392,0.101742096,0.004759732,0.15676469,0.10165344
22.375,0.0,0.0,0.9962244193930458,1.0048561755227776,0.0047786115,0.15718184,0.10254415,0.004759732,0.15713346,0.10245541
22.5,0.0,0.0,0.9962047878875487,1.0048777365496646,0.0047787107,0.15754756,0.10334691,0.004759732,0.15750006,0.103257984
22.625,0.0,0.0,0.9961850494353004,1.0048993825272141,0.0047788094,0.15791112,0.104150414,0.004759732,0.1578645,0.104061276
22.75,0.0,0.0,0.9961652042177453,1.004921112103804,0.004778909,0.15827248,0.104954645,0.004759732,0.15822679,0.10486535
22.875,0.0,0.0,0.9961452534997832,1.004942925546072,0.004779009,0.1586317,0.10575958,0.004759732,0.15858692,0.105670206
23.0,0.0,0.0,0.9961251974127746,1.0049648221361966,0.0047791097,0.15898877,0.106565215,0.004759732,0.15894467,0.106475644
23.125,0.0,0.0,0.996105037268447,1.0049868018194235,0.004779211,0.15934376,0.10737152,0.004759732,0.15930054,0.107281834
23.25,0.0,0.0,0.9960847739330103,1.0050088630383802,0.0047793128,0.15969664,0.108178444,0.004759732,0.15965429,0.108088724
23.375,0.0,0.0,0.9960644076352705,1.0050310062258179,0.004779415,0.16004744,0.108986005,0.004759732,0.16000605,0.10889621
23.5,0.0,0.0,0.996043938680658,1.0050532311543705,0.004779518,0.16039619,0.10979419,0.004759732,0.16035567,0.10970447
23.625,0.0,0.0,0.9960233681135185,1.0050755367444282,0.004779621,0.16074288,0.11060297,0.004759732,0.16070339,0.110513106
23.75,0.0,0.0,0.9960026952801163,1.005097923790682,0.004779725,0.16108754,0.11141236,0.004759732,0.1610489,0.11132242
23.875,0.0,0.0,0.9959819220332222,1.0051203915583786,0.004779829,0.16143022,0.11222233,0.004759732,0.16139227,0.11213219
24.0,0.0,0.0,0.9959610475619808,1.0051429387772786,0.004779934,0.16177085,0.11303286,0.004759732,0.16173373,0.11294273
24.125,0.0,0.0,0.9959400749139974,1.0051655653976435,0.004780039,0.16210954,0.11384391,0.004759732,0.16207309,0.113753796
24.25,0.0,0.0,0.9959190031157844,1.0051882715283333,0.0047801454,0.16244628,0.114655495,0.004759732,0.16241056,0.114565335
24.375,0.0,0.0,0.9958978320451325,1.0052110572740582,0.0047802515,0.16278107,0.11546762,0.004759732,0.16274622,0.11537751
24.5,0.0,0.0,0.995876563804549,1.005233920148979,0.0047803586,0.1631139,0.11628021,0.004759732,0.16308,0.11619004
24.625,0.0,0.0,0.9958551976835979,1.0052568616449598,0.0047804657,0.16344483,0.11709331,0.004759732,0.16341181,0.11700311
24.75,0.0,0.0,0.995833735811579,1.005279880849389,0.004780574,0.1637739,0.11790686,0.004759732,0.1637416,0.117816605
24.875,0.0,0.0,0.995812177189441,1.005302978213777,0.004780682,0.1641011,0.1187209,0.004759732,0.16406955,0.11863055
25.0,0.0,0.0,0.9957905221173232,1.0053261522675048,0.004780791,0.16442639,0.11953539,0.004759732,0.16439565,0.11944503
25.125,0.0,0.0,0.9957687721020341,1.0053494022302762,0.0047808997,0.1647498,0.120350294,0.004759732,0.16472003,0.120259896
25.25,0.0,0.0,0.9957469285499716,1.0053727280567786,0.0047810096,0.1650714,0.121165596,0.004759732,0.16504247,0.12107518
25.375,0.0,0.0,0.9957249904700132,1.0053961302007093,0.0047811195,0.16539118,0.12198132,0.004759732,0.1653632,0.12189085
25.5,0.0,0.0,0.9957029589919079,1.0054196075372817,0.0047812304,0.16570914,0.12279744,0.004759732,0.165682,0.12270689
25.625,0.0,0.0,0.9956808351187498,1.0054431600072824,0.0047813416,0.16602533,0.123613924,0.004759732,0.16599898,0.12352338
25.75,0.0,0.0,0.9956586183814062,1.0054667873579948,0.0047814534,0.16633973,0.12443079,0.004759732,0.1663142,0.124340236
25.875,0.0,0.0,0.9956363104164732,1.0054904880768938,0.0047815656,0.16665234,0.12524799,0.004759732,0.16662759,0.12515755
26.0,0.0,0.0,0.9956139117602135,1.0055142624665891,0.0047816783,0.1669632,0.12606551,0.004759732,0.16693932,0.12597501
26.125,0.0,0.0,0.9955914219859785,1.005538111568035,0.0047817915,0.16727237,0.12688339,0.004759732,0.16724929,0.12679279
26.25,0.0,0.0,0.9955688421330974,1.0055620336634616,0.0047819046,0.16757981,0.12770158,0.004759732,0.16755754,0.12761085
26.375,0.0,0.0,0.9955461721646862,1.0055860285147238,0.004782019,0.16788553,0.12852009,0.004759732,0.16786402,0.12842946
26.5,0.0,0.0,0.9955234151693468,1.005610093830954,0.0047821333,0.16818953,0.12933882,0.004759732,0.16816881,0.12924834
26.625,0.0,0.0,0.9955005687852428,1.0056342321390643,0.004782248,0.16849186,0.13015786,0.004759732,0.16847189,0.1300675
26.75,0.0,0.0,0.9954776350380451,1.0056584409688631,0.004782364,0.16879249,0.13097714,0.004759732,0.16877337,0.13088688
26.875,0.0,0.0,0.9954546138304897,1.0056827207845986,0.004782479,0.16909145,0.13179667,0.004759732,0.16907315,0.13170664
27.0,0.0,0.0,0.9954315052086324,1.0057070723117665,0.004782595,0.16938879,0.13261648,0.004759732,0.16937143,0.13252646
27.125,0.0,0.0,0.995408310751538,1.005731493404993,0.004782712,0.16968447,0.13343649,0.004759732,0.16966785,0.13334633
27.25,0.0,0.0,0.9953850314464229,1.005755983040881,0.004782829,0.1699785,0.13425668,0.004759732,0.1699627,0.13416663
27.375,0.0,0.0,0.9953616682330616,1.0057805419425332,0.004782947,0.17027095,0.13507704,0.004759732,0.170256,0.1349872
27.5,0.0,0.0,0.995338218972261,1.0058051711442004,0.004783064,0.1705618,0.13589765,0.004759732,0.17054753,0.13580777
27.625,0.0,0.0,0.9953146851296076,1.0058298692763012,0.0047831824,0.17085107,0.13671845,0.004759732,0.1708376,0.13662857
27.75,0.0,0.0,0.9952910695616533,1.0058546345773474,0.0047833016,0.17113876,0.13753937,0.004759732,0.171126,0.13744959
27.875,0.0,0.0,0.9952673695104448,1.0058794692517687,0.004783421,0.17142491,0.1383605,0.004759732,0.171413,0.13827078
28.0,0.0,0.0,0.9952435877700448,1.005904370558582,0.0047835405,0.1717095,0.13918175,0.004759732,0.17169835,0.13909218
28.125,0.0,0.0,0.9952197237467902,1.0059293393914186,0.00478366,0.17199254,0.14000314,0.004759732,0.17198226,0.13991366
28.25,0.0,0.0,0.9951957787589026,1.0059543741418722,0.004783781,0.17227404,0.14082465,0.004759732,0.17226458,0.14073534
28.375,0.0,0.0,0.995171753404144,1.005979475136907,0.0047839014,0.17255403,0.14164625,0.004759732,0.17254522,0.14155708
28.5,0.0,0.0,0.9951476470080385,1.0060046423095348,0.0047840234,0.1728325,0.14246798,0.004759732,0.17282458,0.14237905
28.625,0.0,0.0,0.9951234596128377,1.006029875371358,0.004784145,0.17310946,0.14328982,0.004759732,0.17310223,0.14320092
28.75,0.0,0.0,0.9950991941872926,1.0060551735369494,0.0047842665,0.17338496,0.14411172,0.004759732,0.17337845,0.14402302
28.875,0.0,0.0,0.9950748496898494,1.0060805363247818,0.0047843894,0.17365898,0.1449337,0.004759732,0.17365313,0.14484511
29.0,0.0,0.0,0.9950504275528529,1.00610596307878,0.0047845123,0.17393154,0.14575572,0.004759732,0.17392646,0.14566725
29.125,0.0,0.0,0.9950259276217497,1.0061314533282009,0.004784636,0.17420262,0.14657779,0.004759732,0.17419823,0.14648946
29.25,0.0,0.0,0.9950013498707518,1.0061570086215192,0.0047847596,0.1744723,0.14739993,0.004759732,0.17446862,0.14731158
29.375,0.0,0.0,0.9949766969973957,1.0061826259221316,0.004784884,0.17474055,0.14822206,0.004759732,0.17473763,0.14813386
29.5,0.0,0.0,0.9949519671643982,1.006208305704273,0.0047850083,0.17500734,0.14904422,0.004759732,0.17500521,0.14895618
29.625,0.0,0.0,0.9949271614826667,1.0062340479379805,0.004785133,0.17527272,0.14986639,0.004759732,0.17527127,0.14977853
29.75,0.0,0.0,0.9949022822841526,1.0062598520012738,0.004785258,0.17553674,0.15068853,0.004759732,0.17553598,0.15060094
29.875,0.0,0.0,0.9948773292445198,1.0062857172046895,0.0047853836,0.17579937,0.15151064,0.004759732,0.17579927,0.15142323
30.0,0.0,0.0,0.9948523003287514,1.006311643825269,0.00478551,0.17606057,0.15233277,0.004759732,0.17606118,0.15224554
30.125,0.0,0.0,0.9948271989021925,1.0063376304376104,0.0047856364,0.1763204,0.15315484,0.004759732,0.17632166,0.15306796
30.25,0.0,0.0,0.9948020243799675,1.0063636779917082,0.0047857626,0.1765789,0.15397687,0.004759732,0.17658089,0.15389019
30.375,0.0,0.0,0.9947767769515388,1.0063897853949453,0.0047858898,0.17683601,0.15479887,0.004759732,0.17683868,0.15471214
30.5,0.0,0.0,0.9947514570505245,1.0064159528077445,0.004786018,0.17709179,0.15562081,0.004759732,0.1770953,0.1555342
30.625,0.0,0.0,0.9947260668264264,1.0064421783069954,0.0047861454,0.17734623,0.15644266,0.004759732,0.1773505,0.15635625
30.75,0.0,0.0,0.9947006049673757,1.0064684630734535,0.004786274,0.17759934,0.15726444,0.004759732,0.17760421,0.15717816
30.875,0.0,0.0,0.9946750725891585,1.0064948060009924,0.0047864025,0.17785113,0.15808614,0.004759732,0.17785679,0.15800013
31.0,0.0,0.0,0.9946494720292981,1.006521205391355,0.0047865314,0.1781016,0.15890768,0.004759732,0.17810799,0.15882196
31.125,0.0,0.0,0.9946238011353628,1.006547663458146,0.0047866604,0.17835079,0.15972915,0.004759732,0.17835781,0.15964381
31.25,0.0,0.0,0.994598060669796,1.0065741797618595,0.004786791,0.17859872,0.16055053,0.004759732,0.17860645,0.16046531
31.375,0.0,0.0,0.994572252640827,1.0066007521164266,0.0047869203,0.17884536,0.16137177,0.004759732,0.1788538,0.16128668
31.5,0.0,0.0,0.994546377633963,1.0066273798511742,0.004787051,0.17909072,0.16219284,0.004759732,0.17909987,0.16210799
31.625,0.0,0.0,0.9945204336515288,1.0066540643230646,0.0047871815,0.1793348,0.1630138,0.004759732,0.17934462,0.16292901
31.75,0.0,0.0,0.9944944230482806,1.0066808038286614,0.004787313,0.17957762,0.1638346,0.004759732,0.17958826,0.16375004
31.875,0.0,0.0,0.9944683461305224,1.006707599402717,0.004787444,0.17981923,0.16465525,0.004759732,0.17983054,0.16457102
32.0,0.0,0.0,0.9944422033044069,1.0067344490147114,0.0047875755,0.18005957,0.16547573,0.004759732,0.1800715,0.16539168
32.125,0.0,0.0,0.9944159950360149,1.006761353967146,0.004787708,0.18029872,0.16629604,0.004759732,0.18031137,0.16621237
32.25,0.0,0.0,0.9943897212283155,1.00678831261566,0.0047878404,0.18053661,0.16711617,0.004759732,0.18055002,0.16703299
32.375,0.0,0.0,0.9943633842754862,1.006815323220127,0.004787973,0.18077327,0.16793606,0.004759732,0.18078737,0.16785301
32.5,0.0,0.0,0.9943369810995998,1.0068423891623621,0.0047881063,0.18100874,0.16875581,0.004759732,0.18102351,0.16867307
32.625,0.0,0.0,0.9943105151496796,1.0068695067283977,0.0047882404,0.18124299,0.16957533,0.004759732,0.18125837,0.16949287
32.75,0.0,0.0,0.9942839871137766,1.0068966774317125,0.0047883736,0.1814761,0.17039463,0.004759732,0.1814921,0.17031239
32.875,0.0,0.0,0.9942573986652923,1.0069238986008884,0.0047885077,0.18170804,0.17121364,0.004759732,0.18172455,0.17113174
33.0,0.0,0.0,0.9942307474120718,1.0069511711774017,0.004788642,0.18193877,0.17203243,0.004759732,0.18195578,0.17195106
33.125,0.0,0.0,0.99420403274991,1.0069784973593807,0.0047887764,0.18216836,0.17285104,0.004759732,0.18218584,0.1727698
33.25,0.0,0.0,0.9941772556594353,1.0070058757866336,0.004788912,0.18239681,0.17366944,0.004759732,0.1824149,0.17358826
33.375,0.0,0.0,0.9941504207479265,1.0070333017838329,0.004789047,0.18262409,0.1744875,0.004759732,0.18264279,0.1744068
33.5,0.0,0.0,0.9941235261427879,1.0070607770419213,0.004789183,0.1828502,0.17530528,0.004759732,0.18286948,0.17522466
33.625,0.0,0.0,0.9940965712525494,1.007088302601726,0.0047893184,0.18307517,0.1761228,0.004759732,0.18309517,0.1760424
33.75,0.0,0.0,0.9940695568924923,1.007115878006781,0.004789455,0.18329903,0.17694005,0.004759732,0.18331972,0.17685997
33.875,0.0,0.0,0.9940424831816629,1.0071435029633755,0.0047895913,0.18352178,0.17775704,0.004759732,0.1835431,0.17767723
34.0,0.0,0.0,0.9940153520398981,1.007171176121311,0.004789728,0.18374342,0.17857371,0.004759732,0.1837653,0.17849404
34.125,0.0,0.0,0.9939881630386478,1.0071988976338948,0.0047898656,0.18396395,0.17939009,0.004759732,0.18398644,0.17931077
34.25,0.0,0.0,0.993960917212363,1.0072266649076271,0.004790003,0.18418333,0.18020612,0.004759732,0.18420641,0.18012705
34.375,0.0,0.0,0.9939336152169956,1.0072544807370176,0.004790141,0.18440168,0.18102184,0.004759732,0.1844253,0.18094316
34.5,0.0,0.0,0.9939062571787002,1.0072823424841593,0.004790279,0.1846189,0.18183722,0.004759732,0.18464307,0.18175888
34.625,0.0,0.0,0.9938788437752827,1.0073102505798448,0.004790417,0.18483506,0.18265225,0.004759732,0.1848598,0.18257432
34.75,0.0,0.0,0.9938513736425579,1.0073382063439809,0.0047905557,0.18505016,0.18346699,0.004759732,0.1850754,0.1833894
34.875,0.0,0.0,0.9938238503996317,1.0073662058642319,0.004790695,0.18526417,0.18428132,0.004759732,0.18529008,0.18420404
35.0,0.0,0.0,0.9937962721574726,1.0073942508751141,0.004790834,0.18547711,0.18509531,0.004759732,0.18550387,0.18501867
35.125,0.0,0.0,0.9937686392072929,1.0074223425397388,0.0047909734,0.18568903,0.18590897,0.004759732,0.1857163,0.18583278
35.25,0.0,0.0,0.9937409533342549,1.0074504780418623,0.0047911135,0.1858999,0.18672225,0.004759732,0.18592784,0.18664636
35.375,0.0,0.0,0.993713214491108,1.007478658022438,0.0047912532,0.18610974,0.18753515,0.004759732,0.18613814,0.18745941
35.5,0.0,0.0,0.9936854235480435,1.0075068807985563,0.0047913934,0.18631852,0.18834765,0.004759732,0.1863476,0.18827237
35.625,0.0,0.0,0.9936575759834453,1.0075351506706907,0.004791534,0.18652627,0.18915989,0.004759732,0.18655607,0.18908498
35.75,0.0,0.0,0.9936296797212687,1.007563460999601,0.004791675,0.18673299,0.18997164,0.004759732,0.18676327,0.18989715
35.875,0.0,0.0,0.9936017320981544,1.007591814975789,0.004791816,0.18693873,0.19078301,0.004759732,0.18696968,0.19070867
36.0,0.0,0.0,0.9935737362465995,1.0076202090610555,0.0047919573,0.18714346,0.1915939,0.004759732,0.18717504,0.19151984
36.125,0.0,0.0,0.9935456864948682,1.00764864851966,0.004792099,0.1873472,0.19240448,0.004759732,0.18737945,0.19233069
36.25,0.0,0.0,0.993517588962483,1.0076771277713579,0.004792241,0.18754995,0.19321458,0.004759732,0.18758263,0.19314119
36.375,0.0,0.0,0.9934894417293708,1.0077056486108324,0.004792383,0.18775171,0.19402426,0.004759732,0.18778491,0.19395143
36.5,0.0,0.0,0.9934612454840178,1.0077342103051588,0.004792526,0.18795249,0.19483352,0.004759732,0.1879861,0.19476083
36.625,0.0,0.0,0.9934330002038226,1.0077628122852003,0.0047926684,0.18815227,0.19564234,0.004759732,0.18818644,0.1955701
36.75,0.0,0.0,0.9934047069075099,1.0077914555785716,0.0047928113,0.18835112,0.19645073,0.004759732,0.18838577,0.19637868
36.875,0.0,0.0,0.9933763663700228,1.0078201369351785,0.0047929543,0.18854897,0.19725864,0.004759732,0.18858421,0.1971869
37.0,0.0,0.0,0.9933479796230418,1.0078488573720918,0.0047930977,0.18874587,0.19806607,0.004759732,0.18878154,0.1979945
37.125,0.0,0.0,0.9933195462437538,1.0078776170681873,0.0047932416,0.18894184,0.19887304,0.004759732,0.18897796,0.19880171
37.25,0.0,0.0,0.9932910671652126,1.0079064142654035,0.0047933855,0.18913683,0.19967952,0.004759732,0.1891734,0.19960853
37.375,0.0,0.0,0.9932625417507546,1.0079352501367724,0.0047935294,0.18933089,0.20048554,0.004759732,0.18936786,0.20041494
37.5,0.0,0.0,0.993233970137725,1.0079641244051127,0.0047936738,0.18952401,0.2012911,0.004759732,0.18956143,0.20122088
37.625,0.0,0.0,0.9932053555079526,1.0079930346919297,0.0047938186,0.1897162,0.20209612,0.004759732,0.18975414,0.20202646
37.75,0.0,0.0,0.9931766968772976,1.0080219816387543,0.0047939634,0.18990748,0.20290063,0.004759732,0.18994592,0.20283137
37.875,0.0,0.0,0.99314799129878,1.0080509683441246,0.0047941087,0.19009785,0.20370473,0.004759732,0.19013669,0.20363571
38.0,0.0,0.0,0.9931192433362687,1.008079990462722,0.004794254,0.19028732,0.20450829,0.004759732,0.19032665,0.20443979
38.125,0.0,0.0,0.9930904527934694,1.0081090471614416,0.0047943993,0.19047585,0.20531131,0.004759732,0.19051562,0.20524336
38.25,0.0,0.0,0.9930616180417049,1.0081381408707137,0.004794545,0.19066349,0.20611386,0.004759732,0.1907038,0.20604631
38.375,0.0,0.0,0.993032740783263,1.0081672696056978,0.004794691,0.19085021,0.20691589,0.004759732,0.19089094,0.20684856
38.5,0.0,0.0,0.9930038193889873,1.008196435804257,0.0047948374,0.19103608,0.20771745,0.004759732,0.19107711,0.20765026
38.625,0.0,0.0,0.9929748567701238,1.0082256352290537,0.004794984,0.19122101,0.20851846,0.004759732,0.19126254,0.20845166
38.75,0.0,0.0,0.9929458555410887,1.008254867216127,0.0047951303,0.19140509,0.20931888,0.004759732,0.1914472,0.20925254
38.875,0.0,0.0,0.9929168125348197,1.008284134663001,0.0047952775,0.19158831,0.21011879,0.004759732,0.19163086,0.21005267
39.0,0.0,0.0,0.9928877290826097,1.0083134363039528,0.004795424,0.19177069,0.21091816,0.004759732,0.19181368,0.21085241
39.125,0.0,0.0,0.9928586078876438,1.0083427689033204,0.004795572,0.19195218,0.21171692,0.004759732,0.1919957,0.21165161
39.25,0.0,0.0,0.9928294462088911,1.0083721345753072,0.0047957194,0.1921328,0.21251515,0.004759732,0.19217683,0.2124503
39.375,0.0,0.0,0.9928002461311638,1.0084015318508013,0.004795867,0.19231255,0.21331279,0.004759732,0.19235703,0.21324846
39.5,0.0,0.0,0.9927710064642746,1.0084309611439324,0.004796015,0.19249143,0.21410988,0.004759732,0.19253638,0.21404599
39.625,0.0,0.0,0.9927417280676141,1.0084604232762349,0.004796163,0.19266948,0.21490642,0.004759732,0.19271491,0.21484303
39.75,0.0,0.0,0.9927124138622957,1.0084899152384086,0.0047963113,0.1928467,0.21570234,0.004759732,0.1928925,0.21563926
39.875,0.0,0.0,0.9926830618295159,1.0085194389894743,0.00479646,0.1930231,0.21649769,0.004759732,0.19306926,0.2164349
40.0,0.0,0.0,0.9926536713637816,1.0085489944607735,0.004796609,0.19319867,0.21729249,0.004759732,0.1932453,0.21723007
40.125,0.0,0.0,0.9926242475315127,1.00857857769212,0.0047967574,0.19337341,0.21808662,0.004759732,0.19342041,0.21802463
40.25,0.0,0.0,0.9925947859310787,1.0086081926458061,0.004796907,0.19354735,0.21888019,0.004759732,0.19359477,0.21881865
40.375,0.0,0.0,0.9925652881608763,1.008637836978699,0.0047970563,0.19372046,0.21967317,0.004759732,0.1937683,0.21961194
40.5,0.0,0.0,0.9925357556744843,1.0086675110381378,0.0047972053,0.19389279,0.22046554,0.004759732,0.19394101,0.22040467
40.625,0.0,0.0,0.9925061903103819,1.0086972114271529,0.004797355,0.19406429,0.22125724,0.004759732,0.19411284,0.22119695
40.75,0.0,0.0,0.9924765892694599,1.0087269403383174,0.0047975047,0.19423495,0.22204834,0.004759732,0.19428393,0.22198835
40.875,0.0,0.0,0.9924469527270731,1.0087567004949456,0.004797655,0.19440489,0.22283888,0.004759732,0.19445413,0.2227792
41.0,0.0,0.0,0.9924172818561229,1.0087864873213135,0.0047978056,0.19457397,0.22362879,0.004759732,0.19462363,0.22356957
41.125,0.0,0.0,0.9923875778618684,1.0088163022477399,0.0047979555,0.19474229,0.22441807,0.004759732,0.1947923,0.22435923
41.25,0.0,0.0,0.9923578421787044,1.008846142634776,0.004798106,0.19490981,0.22520669,0.004759732,0.19496015,0.22514807
41.375,0.0,0.0,0.9923280754953574,1.0088760090584095,0.004798257,0.19507657,0.22599463,0.004759732,0.19512737,0.2259366
41.5,0.0,0.0,0.9922982732746871,1.0089059038861485,0.0047984077,0.19524252,0.22678201,0.004759732,0.1952937,0.2267241
41.625,0.0,0.0,0.9922684401289872,1.0089358252763159,0.004798559,0.19540775,0.22756873,0.004759732,0.19545932,0.22751111
41.75,0.0,0.0,0.9922385781307141,1.0089657700371284,0.0047987103,0.1955722,0.22835474,0.004759732,0.19562416,0.22829773
41.875,0.0,0.0,0.9922086822033716,1.0089957427374459,0.0047988617,0.19573589,0.22914016,0.004759732,0.19578806,0.22908323
42.0,0.0,0.0,0.9921787610531578,1.009025734592132,0.004799013,0.19589877,0.22992478,0.004759732,0.19595139,0.22986843
42.125,0.0,0.0,0.9921488063837209,1.0090557555154256,0.004799165,0.19606096,0.23070884,0.004759732,0.19611381,0.2306527
42.25,0.0,0.0,0.9921188219139705,1.0090858004857346,0.0047993166,0.19622238,0.23149222,0.004759732,0.19627559,0.23143654
42.375,0.0,0.0,0.9920888075488061,1.0091158703241283,0.0047994684,0.19638307,0.23227495,0.004759732,0.19643661,0.23221967
42.5,0.0,0.0,0.9920587655344789,1.009145962124617,0.004799621,0.19654301,0.23305696,0.004759732,0.1965969,0.2330023
42.625,0.0,0.0,0.9920286959698648,1.0091760769785096,0.0047997735,0.19670223,0.23383828,0.004759732,0.19675657,0.23378417
42.75,0.0,0.0,0.991998595192339,1.0092062174134115,0.004799926,0.19686072,0.23461898,0.004759732,0.19691524,0.23456521
42.875,0.0,0.0,0.9919684685286058,1.0092363779032094,0.0048000785,0.19701844,0.23539893,0.004759732,0.19707333,0.23534578
43.0,0.0,0.0,0.9919383141069223,1.009266562554701,0.004800231,0.1971755,0.23617822,0.004759732,0.19723065,0.2361254
43.125,0.0,0.0,0.9919081330882763,1.0092967680417935,0.0048003844,0.19733182,0.23695679,0.004759732,0.19738722,0.2369045
43.25,0.0,0.0,0.9918779229305348,1.0093269972685421,0.0048005376,0.19748741,0.23773472,0.004759732,0.19754307,0.23768283
43.375,0.0,0.0,0.991847690554068,1.0093572442370042,0.0048006903,0.1976423,0.23851185,0.004759732,0.1976984,0.23846035
43.5,0.0,0.0,0.9918174324376674,1.0093875118083122,0.0048008445,0.19779646,0.23928826,0.004759732,0.19785292,0.23923713
43.625,0.0,0.0,0.9917871452672478,1.0094178030970054,0.0048009977,0.19794993,0.24006404,0.004759732,0.19800675,0.24001317
43.75,0.0,0.0,0.9917568357936439,1.0094481118075544,0.0048011513,0.19810268,0.24083903,0.004759732,0.19815981,0.24078883
43.875,0.0,0.0,0.9917265006777993,1.0094784410872952,0.004801305,0.19825473,0.24161333,0.004759732,0.19831222,0.24156341
44.0,0.0,0.0,0.9916961381221934,1.0095087936812168,0.0048014587,0.19840613,0.24238698,0.004759732,0.19846392,0.24233744
44.125,0.0,0.0,0.9916657550316489,1.0095391618087726,0.0048016133,0.19855681,0.24315982,0.004759732,0.19861491,0.24311076
44.25,0.0,0.0,0.991635349022141,1.0095695487041914,0.0048017674,0.19870682,0.2439319,0.004759732,0.1987652,0.2438833
44.375,0.0,0.0,0.9916049171634952,1.0095999567394573,0.0048019215,0.19885616,0.24470332,0.004759732,0.19891472,0.24465513
44.5,0.0,0.0,0.9915744670636113,1.0096303793195178,0.0048020766,0.19900483,0.24547389,0.004759732,0.19906363,0.24542628
44.625,0.0,0.0,0.991543991314423,1.0096608221651462,0.0048022307,0.19915281,0.24624379,0.004759732,0.19921185,0.24619645
44.75,0.0,0.0,0.9915134944225708,1.0096912813205827,0.0048023853,0.19930011,0.24701291,0.004759732,0.19935943,0.24696611
44.875,0.0,0.0,0.9914829722433559,1.0097217620049306,0.0048025404,0.19944678,0.24778138,0.004759732,0.19950636,0.24773501
45.0,0.0,0.0,0.9914524328633789,1.0097522549349736,0.0048026955,0.19959275,0.24854898,0.004759732,0.19965257,0.24850295
45.125,0.0,0.0,0.9914218705638029,1.009782765766194,0.00480285,0.19973806,0.24931587,0.004759732,0.19979805,0.24927008
45.25,0.0,0.0,0.9913912883316498,1.0098132927435457,0.0048030056,0.19988272,0.250082,0.004759732,0.19994284,0.2500366
45.375,0.0,0.0,0.9913606844802756,1.0098438371830123,0.004803161,0.20002674,0.25084737,0.004759732,0.20008701,0.25080246
45.5,0.0,0.0,0.991330060745157,1.0098743965690988,0.004803316,0.20017008,0.25161198,0.004759732,0.20023058,0.2515675
45.625,0.0,0.0,0.9912994165224097,1.0099049726730946,0.004803472,0.20031281,0.25237584,0.004759732,0.2003735,0.2523318
45.75,0.0,0.0,0.991268754369754,1.009935562722624,0.0048036273,0.20045489,0.2531389,0.004759732,0.20051572,0.25309515
45.875,0.0,0.0,0.9912380733612313,1.0099661678535108,0.0048037823,0.20059635,0.25390118,0.004759732,0.20065737,0.25385773
46.0,0.0,0.0,0.9912073747541043,1.009996786422157,0.004803939,0.20073716,0.25466266,0.004759732,0.20079838,0.25461957
46.125,0.0,0.0,0.991176657489887,1.0100274192083474,0.0048040953,0.20087734,0.25542337,0.004759732,0.20093876,0.255381
46.25,0.0,0.0,0.9911459204892002,1.0100580670174228,0.0048042512,0.20101687,0.25618333,0.004759732,0.20107846,0.25614142
46.375,0.0,0.0,0.9911151669440681,1.0100887283790703,0.0048044072,0.20115581,0.25694248,0.004759732,0.20121755,0.25690114
46.5,0.0,0.0,0.991084395278772,1.0101194031500385,0.0048045632,0.20129411,0.25770086,0.004759732,0.20135604,0.25765997
46.625,0.0,0.0,0.9910536072542413,1.0101500906304723,0.00480472,0.2014318,0.25845844,0.004759732,0.20149393,0.25841752
46.75,0.0,0.0,0.9910228041917984,1.0101807890986068,0.004804876,0.20156886,0.25921518,0.004759732,0.2016312,0.25917435
46.875,0.0,0.0,0.9909919814846796,1.0102115033295223,0.0048050326,0.20170532,0.2599712,0.004759732,0.20176768,0.25993085
47.0,0.0,0.0,0.9909611416965378,1.0102422305461094,0.004805189,0.20184118,0.26072645,0.004759732,0.20190369,0.26068628
47.125,0.0,0.0,0.9909302901073979,1.0102729660985355,0.004805346,0.20197642,0.2614808,0.004759732,0.20203912,0.26144117
47.25,0.0,0.0,0.990899422126744,1.0103037147457625,0.004805503,0.20211108,0.2622344,0.004759732,0.20217392,0.26219484
47.375,0.0,0.0,0.9908685412881777,1.0103344719435385,0.00480566,0.20224512,0.2629871,0.004759732,0.20230821,0.26294845
47.5,0.0,0.0,0.9908376444189495,1.0103652417046038,0.004805817,0.20237857,0.26373905,0.004759732,0.20244183,0.26370096
47.625,0.0,0.0,0.9908067329777377,1.0103960226654207,0.0048059737,0.20251144,0.2644902,0.004759732,0.20257479,0.2644524
47.75,0.0,0.0,0.9907758097079112,1.0104268123562907,0.004806131,0.20264374,0.26524046,0.004759732,0.20270717,0.26520312
47.875,0.0,0.0,0.990744870629615,1.0104576131582905,0.004806288,0.20277542,0.26598996,0.004759732,0.20283894,0.265953
48.0,0.0,0.0,0.9907139200908402,1.0104884221531125,0.0048064454,0.20290652,0.2667386,0.004759732,0.20297025,0.26670188
48.125,0.0,0.0,0.9906829558658926,1.010519241617689,0.004806603,0.20303705,0.26748642,0.004759732,0.20310101,0.2674504
48.25,0.0,0.0,0.9906519781397038,1.010550071284682,0.00480676,0.20316702,0.26823345,0.004759732,0.20323105,0.2681976
48.375,0.0,0.0,0.9906209894953544,1.010580908356947,0.0048069176,0.20329641,0.2689796,0.004759732,0.20336056,0.26894414
48.5,0.0,0.0,0.9905899891583511,1.010611754330262,0.0048070755,0.20342524,0.26972494,0.004759732,0.20348945,0.2696898
48.625,0.0,0.0,0.9905589808897134,1.010642604905189,0.004807233,0.2035535,0.27046934,0.004759732,0.20361784,0.27043465
48.75,0.0,0.0,0.9905279583852548,1.0106734654255944,0.0048073903,0.20368117,0.27121297,0.004759732,0.20374562,0.27117884
48.875,0.0,0.0,0.9904969244025323,1.0107043334079084,0.0048075486,0.20380826,0.27195576,0.004759732,0.20387277,0.27192175
49.0,0.0,0.0,0.9904658786439272,1.0107352113560713,0.004807706,0.20393485,0.27269775,0.004759732,0.20399946,0.27266416
49.125,0.0,0.0,0.9904348203024915,1.010766097044193,0.0048078643,0.20406084,0.27343893,0.004759732,0.20412555,0.27340588
49.25,0.0,0.0,0.9904037580399375,1.0107969847511424,0.004808022,0.20418629,0.27417913,0.004759732,0.20425113,0.27414653
49.375,0.0,0.0,0.9903726852025568,1.0108278791896907,0.00480818,0.20431118,0.2749185,0.004759732,0.20437612,0.27488646
49.5,0.0,0.0,0.990341599669182,1.0108587830455846,0.004808338,0.20443553,0.2756571,0.004759732,0.20450054,0.27562508
49.625,0.0,0.0,0.9903105030605068,1.0108896952975912,0.0048084967,0.20455936,0.27639487,0.004759732,0.20462444,0.27636337
49.75,0.0,0.0,0.9902794026606875,1.0109206071385437,0.0048086545,0.20468259,0.27713168,0.004759732,0.20474781,0.27710032
49.875,0.0,0.0,0.9902482920300648,1.0109515278671306,0.004808813,0.20480534,0.27786767,0.004759732,0.20487069,0.27783677
50.0,0.0,0.0,0.990217174348441,1.0109824517655328,0.004808971,0.20492753,0.27860278,0.004759732,0.20499292,0.27857208
50.125,0.0,0.0,0.9901860474848335,1.011013381536269,0.0048091295,0.20504919,0.27933705,0.004759732,0.20511469,0.27930662
50.25,0.0,0.0,0.9901549142510825,1.0110443146382377,0.004809288,0.2051703,0.28007042,0.004759732,0.20523584,0.2800403
50.375,0.0,0.0,0.9901237753015998,1.0110752518390398,0.004809446,0.20529093,0.2808029,0.004759732,0.20535666,0.28077316
50.5,0.0,0.0,0.990092628867709,1.011106192666424,0.004809605,0.205411,0.28153452,0.004759732,0.20547685,0.28150538
50.625,0.0,0.0,0.9900614742911146,1.0111371390276782,0.0048097633,0.20553057,0.2822653,0.004759732,0.20559646,0.28223664
50.75,0.0,0.0,0.9900303140593925,1.0111680877117706,0.0048099225,0.2056496,0.2829952,0.004759732,0.20571545,0.28296667
50.875,0.0,0.0,0.9899991472259252,1.0111990399109911,0.0048100804,0.20576811,0.28372422,0.004759732,0.20583393,0.2836963
51.0,0.0,0.0,0.9899679754129798,1.0112299946124135,0.004810239,0.20588611,0.28445235,0.004759732,0.20595184,0.28442508
51.125,0.0,0.0,0.9899367989736763,1.0112609518897535,0.004810398,0.20600362,0.2851796,0.004759732,0.2060694,0.2851529
51.25,0.0,0.0,0.9899056151284581,1.0112919131037312,0.0048105563,0.20612061,0.285906,0.004759732,0.20618643,0.28587973
51.375,0.0,0.0,0.9898744296621355,1.0113228740923372,0.0048107156,0.20623711,0.28663144,0.004759732,0.20630305,0.28660578
51.5,0.0,0.0,0.9898432373024116,1.011353838866242,0.0048108744,0.2063531,0.28735605,0.004759732,0.2064191,0.2873308
51.625,0.0,0.0,0.9898120420632904,1.0113848033502817,0.004811033,0.20646857,0.28807974,0.004759732,0.20653464,0.2880551
51.75,0.0,0.0,0.9897808417668034,1.0114157703187558,0.004811192,0.20658354,0.28880256,0.004759732,0.20664953,0.2887779
51.875,0.0,0.0,0.9897496380718764,1.0114467387208579,0.004811351,0.20669805,0.2895245,0.004759732,0.206764,0.28950027
52.0,0.0,0.0,0.9897184333995068,1.0114777048854688,0.0048115095,0.20681202,0.29024547,0.004759732,0.20687798,0.290222
52.125,0.0,0.0,0.98968722538015,1.0115086712840136,0.004811669,0.2069255,0.29096556,0.004759732,0.20699145,0.29094264
52.25,0.0,0.0,0.9896560160183978,1.0115396375246026,0.0048118276,0.2070385,0.29168472,0.004759732,0.20710446,0.29166213
52.375,0.0,0.0,0.989624799800877,1.0115706073693294,0.004811987,0.20715103,0.29240307,0.004759732,0.20721698,0.2923806
52.5,0.0,0.0,0.9895935839390777,1.01160157539446,0.0048121456,0.20726308,0.29312047,0.004759732,0.20732902,0.29309824
52.625,0.0,0.0,0.9895623641066071,1.0116325438354932,0.004812305,0.20737463,0.293837,0.004759732,0.20744056,0.2938151
52.75,0.0,0.0,0.9895311436460515,1.0116635111385581,0.0048124637,0.20748572,0.29455262,0.004759732,0.20755166,0.2945309
52.875,0.0,0.0,0.98949992257055,1.0116944767202665,0.004812623,0.20759633,0.2952673,0.004759732,0.20766227,0.295246
53.0,0.0,0.0,0.98946870091779,1.0117254399655338,0.004812782,0.20770645,0.29598108,0.004759732,0.20777228,0.2959602
53.125,0.0,0.0,0.9894374764751791,1.0117564037014466,0.004812941,0.20781611,0.29669398,0.004759732,0.20788193,0.2966735
53.25,0.0,0.0,0.9894062519546032,1.0117873649809717,0.0048131,0.20792529,0.29740596,0.004759732,0.20799111,0.29738614
53.375,0.0,0.0,0.9893750263318185,1.0118183251057893,0.00481326,0.20803401,0.29811704,0.004759732,0.20809983,0.29809758
53.5,0.0,0.0,0.9893438038851737,1.0118492802268524,0.0048134183,0.20814227,0.29882714,0.004759732,0.20820798,0.29880816
53.625,0.0,0.0,0.9893125793281783,1.011880234908039,0.0048135775,0.20825006,0.29953638,0.004759732,0.20831566,0.29951778
53.75,0.0,0.0,0.9892813569267601,1.0119111853161764,0.004813737,0.2083574,0.30024466,0.004759732,0.20842303,0.30022642
53.875,0.0,0.0,0.9892501367136429,1.0119421308419203,0.004813896,0.20846425,0.300952,0.004759732,0.20852982,0.30093417
54.0,0.0,0.0,0.9892189135784574,1.0119730763769672,0.004814055,0.20857064,0.30165848,0.004759732,0.20863618,0.30164105
54.125,0.0,0.0,0.9891876950816569,1.0120040171858946,0.0048142145,0.20867664,0.302364,0.004759732,0.20874208,0.30234733
54.25,0.0,0.0,0.9891564779607243,1.0120349535659847,0.0048143733,0.20878215,0.30306858,0.004759732,0.20884754,0.3030526
54.375,0.0,0.0,0.9891252599409681,1.0120658884285503,0.004814532,0.20888722,0.3037723,0.004759732,0.20895262,0.30375668
54.5,0.0,0.0,0.9890940451387078,1.012096817579819,0.0048146914,0.20899183,0.30447507,0.004759732,0.2090571,0.3044599
54.625,0.0,0.0,0.9890628382916261,1.0121277382578266,0.004814851,0.20909601,0.3051768,0.004759732,0.20916107,0.3051619
54.75,0.0,0.0,0.9890316309322954,1.012158656331406,0.0048150104,0.20919974,0.30587766,0.004759732,0.20926464,0.30586323
54.875,0.0,0.0,0.9890004274871417,1.0121895683240214,0.0048151696,0.20930302,0.30657756,0.004759732,0.20936789,0.30656353
55.0,0.0,0.0,0.9889692240117571,1.012220477625912,0.004815329,0.20940585,0.3072766,0.004759732,0.20947056,0.30726284
55.125,0.0,0.0,0.9889380237280517,1.0122513823150154,0.0048154877,0.20950827,0.30797473,0.004759732,0.20957303,0.30796117
55.25,0.0,0.0,0.9889068281696434,1.0122822809674619,0.004815647,0.20961027,0.3086719,0.004759732,0.20967495,0.30865887
55.375,0.0,0.0,0.9888756346248979,1.0123131753881411,0.0048158057,0.20971183,0.30936816,0.004759732,0.20977645,0.30935547
55.5,0.0,0.0,0.9888444486194282,1.012344060132848,0.004815965,0.20981295,0.31006342,0.004759732,0.2098774,0.3100508
55.625,0.0,0.0,0.9888132666437163,1.0123749397125374,0.004816124,0.20991367,0.31075776,0.004759732,0.209978,0.31074554
55.75,0.0,0.0,0.9887820895259845,1.0124058108108172,0.004816283,0.21001391,0.31145114,0.004759732,0.2100781,0.3114392
55.875,0.0,0.0,0.9887509139986027,1.0124366787454693,0.0048164427,0.21011375,0.31214365,0.004759732,0.21017778,0.31213212
56.0,0.0,0.0,0.9887197447075504,1.0124675403352092,0.0048166015,0.21021321,0.31283522,0.004759732,0.21027708,0.31282413
56.125,0.0,0.0,0.9886885850938647,1.0124983894568114,0.0048167603,0.21031222,0.31352574,0.004759732,0.21037588,0.31351492
56.25,0.0,0.0,0.9886574286862843,1.012529232750641,0.0048169196,0.21041079,0.31421536,0.004759732,0.21047427,0.31420493
56.375,0.0,0.0,0.9886262790228785,1.0125600690266958,0.004817079,0.21050899,0.31490403,0.004759732,0.21057233,0.314894
56.5,0.0,0.0,0.9885951340192044,1.012590897025581,0.0048172376,0.21060672,0.31559178,0.004759732,0.21066993,0.31558213
56.625,0.0,0.0,0.9885639959660277,1.0126217171663205,0.004817396,0.21070407,0.31627858,0.004759732,0.21076721,0.31626922
56.75,0.0,0.0,0.9885328636066764,1.0126525304980705,0.0048175557,0.21080104,0.31696445,0.004759732,0.21086401,0.3169554
56.875,0.0,0.0,0.9885017381121468,1.0126833343807493,0.0048177144,0.21089756,0.31764936,0.004759732,0.21096052,0.3176409
57.0,0.0,0.0,0.9884706214610699,1.012714128513658,0.0048178737,0.2109937,0.3183333,0.004759732,0.21105647,0.3183252
57.125,0.0,0.0,0.9884395160734278,1.0127449086452567,0.004818032,0.2110894,0.3190162,0.004759732,0.21115193,0.3190087
57.25,0.0,0.0,0.9884084128862819,1.012775684755346,0.004818191,0.21118471,0.31969824,0.004759732,0.2112471,0.319691
57.375,0.0,0.0,0.9883773234163368,1.0128064470811255,0.0048183496,0.21127965,0.32037923,0.004759732,0.2113418,0.3203724
57.5,0.0,0.0,0.9883462366102694,1.0128372053447587,0.0048185093,0.21137421,0.32105938,0.004759732,0.21143615,0.32105282
57.625,0.0,0.0,0.9883151591181744,1.012867951535107,0.004818667,0.21146834,0.32173854,0.004759732,0.21153015,0.3217324
57.75,0.0,0.0,0.9882840914935174,1.0128986866294365,0.004818826,0.21156208,0.32241672,0.004759732,0.21162371,0.32241076
57.875,0.0,0.0,0.9882530294195533,1.0129294133574716,0.004818985,0.21165541,0.323094,0.004759732,0.21171696,0.32308856
58.0,0.0,0.0,0.9882219803846413,1.0129601260260306,0.0048191436,0.21174835,0.32377025,0.004759732,0.21180974,0.32376513
58.125,0.0,0.0,0.988190940340373,1.0129908281521673,0.0048193024,0.2118409,0.32444555,0.004759732,0.2119021,0.32444087
58.25,0.0,0.0,0.9881599094631317,1.0130215195054504,0.0048194607,0.21193306,0.32511988,0.004759732,0.211994,0.3251156
58.375,0.0,0.0,0.9881288893238525,1.0130521986237202,0.004819619,0.21202484,0.32579324,0.004759732,0.2120856,0.32578942
58.5,0.0,0.0,0.9880978759859314,1.0130828694453824,0.004819778,0.21211624,0.3264657,0.004759732,0.21217687,0.3264619
58.625,0.0,0.0,0.9880668766997667,1.0131135254584471,0.004819936,0.21220727,0.3271371,0.004759732,0.2122676,0.32713383
58.75,0.0,0.0,0.9880358861106321,1.0131441718636123,0.0048200944,0.21229795,0.3278076,0.004759732,0.21235803,0.32780468
58.875,0.0,0.0,0.9880049040962879,1.013174807676933,0.004820253,0.21238823,0.32847717,0.004759732,0.21244797,0.32847473
59.0,0.0,0.0,0.9879739377635629,1.0132054260023586,0.0048204116,0.21247812,0.32914567,0.004759732,0.21253775,0.32914346
59.125,0.0,0.0,0.9879429803599203,1.0132360332739025,0.0048205694,0.21256761,0.32981324,0.004759732,0.21262705,0.32981125
59.25,0.0,0.0,0.9879120364257865,1.013266625909008,0.0048207277,0.21265674,0.3304798,0.004759732,0.21271609,0.33047825
59.375,0.0,0.0,0.9878810963298322,1.013297212914745,0.0048208856,0.2127455,0.33114555,0.004759732,0.2128046,0.33114412
59.5,0.0,0.0,0.9878501758657195,1.013327780182704,0.004821044,0.21283391,0.33181018,0.004759732,0.21289273,0.33180907
59.625,0.0,0.0,0.9878192638229849,1.0133583376156747,0.0048212023,0.21292196,0.3324739,0.004759732,0.21298046,0.332473
59.75,0.0,0.0,0.9877883670714447,1.0133888774849262,0.0048213606,0.21300961,0.3331366,0.004759732,0.21306786,0.3331361
59.875,0.0,0.0,0.9877574793612834,1.0134194078616061,0.004821518,0.21309693,0.33379838,0.004759732,0.21315482,0.33379856
60.0,0.0,0.0,0.9877266078360876,1.0134499218104935,0.0048216754,0.21318391,0.33445913,0.004759732,0.21324155,0.33445972
60.125,0.0,0.0,0.9876957466477596,1.0134804234460077,0.0048218337,0.21327052,0.33511895,0.004759732,0.21332785,0.3351199
60.25,0.0,0.0,0.987664897404026,1.0135109112642346,0.004821992,0.21335675,0.33577782,0.004759732,0.21341392,0.3357792
60.375,0.0,0.0,0.9876340637066952,1.01354138405656,0.0048221494,0.21344267,0.33643568,0.004759732,0.21349956,0.33643752
60.5,0.0,0.0,0.9876032432985918,1.0135718401461087,0.004822307,0.21352817,0.33709255,0.004759732,0.21358486,0.3370945
60.625,0.0,0.0,0.9875724400400602,1.0136022791391404,0.0048224647,0.21361335,0.33774838,0.004759732,0.2136697,0.33775085
60.75,0.0,0.0,0.9875416480923538,1.0136327051344043,0.004822622,0.21369816,0.33840328,0.004759732,0.21375413,0.338406
60.875,0.0,0.0,0.9875108680156767,1.0136631191330006,0.0048227794,0.21378267,0.33905727,0.004759732,0.21383817,0.3390602
61.0,0.0,0.0,0.987480101127606,1.013693518858446,0.004822937,0.21386683,0.3397103,0.004759732,0.21392201,0.33971348
61.125,0.0,0.0,0.9874493501937367,1.0137239007370729,0.0048230942,0.21395062,0.3403623,0.004759732,0.21400551,0.3403655
61.25,0.0,0.0,0.9874186111896873,1.0137542688180843,0.0048232516,0.21403405,0.3410134,0.004759732,0.2140887,0.34101668
61.375,0.0,0.0,0.9873878901735376,1.0137846181529735,0.0048234095,0.21411714,0.34166345,0.004759732,0.21417144,0.34166694
61.5,0.0,0.0,0.9873571856217671,1.013814948984584,0.0048235664,0.21419986,0.34231248,0.004759732,0.21425393,0.3423161
61.625,0.0,0.0,0.9873264938978038,1.0138452665917346,0.004823723,0.21428226,0.3429606,0.004759732,0.21433604,0.34296456
61.75,0.0,0.0,0.9872958180209865,1.0138755682265739,0.0048238803,0.21436435,0.34360772,0.004759732,0.21441793,0.34361196
61.875,0.0,0.0,0.9872651635647527,1.01390584726578,0.004824037,0.21444608,0.34425375,0.004759732,0.21449931,0.34425837
62.0,0.0,0.0,0.9872345206781873,1.0139361129802478,0.004824194,0.21452747,0.34489888,0.004759732,0.21458048,0.34490383
62.125,0.0,0.0,0.9872038925571525,1.0139663629738018,0.0048243506,0.21460854,0.34554306,0.004759732,0.21466114,0.3455482
62.25,0.0,0.0,0.9871732807903231,1.0139965957717447,0.0048245075,0.21468927,0.34618625,0.004759732,0.21474153,0.34619153
62.375,0.0,0.0,0.9871426914967723,1.0140268063596922,0.0048246644,0.21476969,0.34682834,0.004759732,0.21482159,0.34683397
62.5,0.0,0.0,0.9871121114875093,1.01405700542807,0.004824821,0.21484977,0.3474696,0.004759732,0.21490139,0.34747526
62.625,0.0,0.0,0.9870815498931828,1.0140871858032094,0.004824978,0.21492954,0.34810984,0.004759732,0.21498077,0.34811562
62.75,0.0,0.0,0.9870510067663313,1.0141173468431102,0.004825134,0.21500897,0.34874907,0.004759732,0.21505985,0.34875536
62.875,0.0,0.0,0.9870204821137587,1.0141474879606023,0.00482529,0.21508807,0.3493873,0.004759732,0.21513863,0.34939373
63.0,0.0,0.0,0.9869899750289901,1.0141776114923793,0.0048254463,0.21516687,0.35002452,0.004759732,0.21521707,0.35003114
63.125,0.0,0.0,0.9869594836769253,1.0142077169122279,0.0048256028,0.2152453,0.3506608,0.004759732,0.21529515,0.3506675
63.25,0.0,0.0,0.9869290072830423,1.0142378069677203,0.004825759,0.21532345,0.35129616,0.004759732,0.21537296,0.35130292
63.375,0.0,0.0,0.9868985517258603,1.0142678758013235,0.004825915,0.21540128,0.35193047,0.004759732,0.21545033,0.35193726
63.5,0.0,0.0,0.9868681110282215,1.0142979276601674,0.004826071,0.21547876,0.35256386,0.004759732,0.2155275,0.35257077
63.625,0.0,0.0,0.9868376930709392,1.0143279570051427,0.004826227,0.21555595,0.35319617,0.004759732,0.21560429,0.35320342
63.75,0.0,0.0,0.9868072916131846,1.014357967258559,0.004826383,0.21563278,0.35382754,0.004759732,0.2156808,0.35383514
63.875,0.0,0.0,0.9867769060106802,1.014387961588246,0.0048265387,0.21570933,0.35445797,0.004759732,0.21575695,0.35446548
64.0,0.0,0.0,0.9867465388170898,1.0144179355264105,0.004826694,0.21578553,0.35508743,0.004759732,0.21583275,0.35509488
64.125,0.0,0.0,0.9867161993846926,1.0144478822191207,0.00482685,0.21586144,0.35571572,0.004759732,0.21590832,0.35572344
64.25,0.0,0.0,0.9866858735831827,1.0144778158831125,0.0048270053,0.2159371,0.35634315,0.004759732,0.21598347,0.35635096
64.375,0.0,0.0,0.9866555667730362,1.0145077289983275,0.004827161,0.21601242,0.3569696,0.004759732,0.21605834,0.3569777
64.5,0.0,0.0,0.9866252793885061,1.0145376221763054,0.0048273155,0.21608745,0.35759506,0.004759732,0.21613294,0.35760352
64.625,0.0,0.0,0.9865950127548335,1.0145674931185227,0.004827471,0.21616215,0.3582195,0.004759732,0.21620725,0.3582283
64.75,0.0,0.0,0.986564762894243,1.0145973463976141,0.0048276256,0.21623655,0.35884303,0.004759732,0.2162813,0.35885173
64.875,0.0,0.0,0.9865345339632081,1.0146271766326553,0.0048277806,0.2163106,0.35946554,0.004759732,0.21635492,0.35947415
65.0,0.0,0.0,0.986504329731569,1.0146569830446859,0.004827936,0.2163844,0.36008698,0.004759732,0.21642826,0.36009592
65.125,0.0,0.0,0.9864741413673359,1.0146867729812354,0.004828091,0.2164579,0.36070752,0.004759732,0.21650138,0.36071682
65.25,0.0,0.0,0.9864439746474447,1.0147165401345069,0.004828246,0.2165311,0.36132705,0.004759732,0.2165741,0.36133698
65.375,0.0,0.0,0.9864138298734859,1.0147462847067321,0.0048284004,0.216604,0.36194557,0.004759732,0.21664657,0.36195558
65.5,0.0,0.0,0.9863837073172352,1.0147760069378908,0.004828555,0.21667661,0.36256307,0.004759732,0.21671875,0.3625729
65.625,0.0,0.0,0.9863536068879271,1.0148057057790711,0.0048287087,0.21674891,0.36317956,0.004759732,0.21679069,0.3631901
65.75,0.0,0.0,0.986323521651348,1.014835389041526,0.0048288633,0.21682094,0.3637952,0.004759732,0.21686223,0.36380595
65.875,0.0,0.0,0.9862934620471575,1.0148650467318132,0.004829018,0.21689269,0.36440974,0.004759732,0.21693358,0.36442056
66.0,0.0,0.0,0.98626342351344,1.0148946818289553,0.004829172,0.21696413,0.36502331,0.004759732,0.21700457,0.36503464
66.125,0.0,0.0,0.9862334050934237,1.0149242967540524,0.0048293257,0.2170353,0.36563593,0.004759732,0.21707532,0.36564752
66.25,0.0,0.0,0.9862034097634375,1.0149538882438287,0.00482948,0.21710618,0.36624753,0.004759732,0.2171457,0.3662592
66.375,0.0,0.0,0.9861734405482725,1.0149834529752633,0.0048296335,0.21717677,0.36685807,0.004759732,0.21721588,0.36687028
66.5,0.0,0.0,0.9861434841446846,1.0150130028930098,0.004829787,0.21724705,0.3674678,0.004759732,0.21728571,0.36748028
66.625,0.0,0.0,0.9861135586218197,1.0150425216538883,0.004829941,0.21731704,0.36807635,0.004759732,0.21735525,0.36808908
66.75,0.0,0.0,0.9860836495724908,1.0150720238129125,0.004830094,0.21738678,0.36868405,0.004759732,0.21742448,0.36869678
66.875,0.0,0.0,0.986053765717813,1.015101499840573,0.0048302473,0.21745622,0.3692907,0.004759732,0.21749344,0.3693036
67.0,0.0,0.0,0.9860239073261131,1.015130949985182,0.004830401,0.21752538,0.36989632,0.004759732,0.2175622,0.36990947
67.125,0.0,0.0,0.985994073183878,1.0151603758279304,0.0048305546,0.21759427,0.37050092,0.004759732,0.21763062,0.37051386
67.25,0.0,0.0,0.9859642573230873,1.0151897821604567,0.0048307073,0.21766287,0.37110463,0.004759732,0.21769878,0.37111753
67.375,0.0,0.0,0.9859344673676693,1.015219162057411,0.00483086,0.2177312,0.3717073,0.004759732,0.21776655,0.37172037
67.5,0.0,0.0,0.9859046993262522,1.0152485207006456,0.0048310133,0.21779928,0.372309,0.004759732,0.21783426,0.37232232
67.625,0.0,0.0,0.9858749573612574,1.0152778521106418,0.004831166,0.21786706,0.37290967,0.004759732,0.21790156,0.37292287
67.75,0.0,0.0,0.9858452361036834,1.0153071632561368,0.0048313183,0.21793461,0.3735094,0.004759732,0.21796866,0.37352282
67.875,0.0,0.0,0.985815539690929,1.0153364481863176,0.0048314705,0.21800186,0.37410814,0.004759732,0.21803544,0.3741221
68.0,0.0,0.0,0.9857858669914643,1.0153657089658243,0.0048316238,0.21806884,0.37470588,0.004759732,0.21810195,0.3747201
68.125,0.0,0.0,0.9857562194509376,1.0153949431375138,0.0048317756,0.21813552,0.3753026,0.004759732,0.21816818,0.3753169
68.25,0.0,0.0,0.9857265932708349,1.0154241568175544,0.004831928,0.21820198,0.37589842,0.004759732,0.2182342,0.37591273
68.375,0.0,0.0,0.9856969908704033,1.0154533445042266,0.0048320796,0.21826813,0.37649325,0.004759732,0.21829982,0.37650746
68.5,0.0,0.0,0.985667413121782,1.0154825086316308,0.004832232,0.21833405,0.3770871,0.004759732,0.21836527,0.3771016
68.625,0.0,0.0,0.985637864106098,1.0155116427294346,0.0048323832,0.21839967,0.37767985,0.004759732,0.21843041,0.37769434
68.75,0.0,0.0,0.9856083353527973,1.0155407566027057,0.004832535,0.21846506,0.37827173,0.004759732,0.21849534,0.37828645
68.875,0.0,0.0,0.9855788341932669,1.015569841936303,0.0048326873,0.21853016,0.37886256,0.004759732,0.21855988,0.37887737
69.0,0.0,0.0,0.9855493566236527,1.0155989039343307,0.0048328387,0.21859503,0.37945244,0.004759732,0.21862414,0.37946722
69.125,0.0,0.0,0.9855199055535632,1.015627938829127,0.0048329895,0.21865962,0.3800413,0.004759732,0.2186883,0.38005614
69.25,0.0,0.0,0.9854904798313447,1.0156569487164318,0.004833141,0.21872398,0.38062918,0.004759732,0.2187522,0.38064435
69.375,0.0,0.0,0.985461083790817,1.0156859279821353,0.004833292,0.21878806,0.381216,0.004759732,0.21881574,0.38123137
69.5,0.0,0.0,0.9854317089436683,1.0157148864572971,0.0048334436,0.21885191,0.3818019,0.004759732,0.21887915,0.3818172
69.625,0.0,0.0,0.9854023597539825,1.0157438189542725,0.004833594,0.2189155,0.38238683,0.004759732,0.21894217,0.3824022
69.75,0.0,0.0,0.9853730359556775,1.015772724035069,0.004833745,0.2189788,0.38297078,0.004759732,0.219005,0.382986
69.875,0.0,0.0,0.985343741482813,1.0158016013729727,0.0048338957,0.2190419,0.38355368,0.004759732,0.21906756,0.38356858
70.0,0.0,0.0,0.9853144670923355,1.0158304582022841,0.0048340457,0.21910475,0.38413572,0.004759732,0.21912983,0.3841502
70.125,0.0,0.0,0.985285223306754,1.0158592838545129,0.0048341965,0.21916734,0.3847167,0.004759732,0.219192,0.38473102
70.25,0.0,0.0,0.9852560090164112,1.0158880803781898,0.004834347,0.21922968,0.3852966,0.004759732,0.21925387,0.38531137
70.375,0.0,0.0,0.9852268177535067,1.015916851397607,0.004834497,0.21929173,0.3858756,0.004759732,0.21931545,0.38589045
70.5,0.0,0.0,0.9851976549691095,1.0159455952220717,0.0048346464,0.21935357,0.3864536,0.004759732,0.21937671,0.3864685
70.625,0.0,0.0,0.9851685172256089,1.0159743127345537,0.0048347963,0.21941514,0.38703063,0.0047597326,0.2194378,0.3870459
70.75,0.0,0.0,0.98513940797016,1.016003001860687,0.0048349462,0.21947648,0.38760665,0.0047597326,0.21949866,0.38762206
70.875,0.0,0.0,0.9851103259346942,1.0160316642566234,0.0048350957,0.21953759,0.3881817,0.0047597326,0.21955912,0.38819718
71.0,0.0,0.0,0.9850812726619006,1.0160602979287077,0.0048352447,0.21959846,0.3887557,0.0047597326,0.21961947,0.38877144
71.125,0.0,0.0,0.9850522434050409,1.0160889060512726,0.0048353947,0.21965906,0.3893288,0.0047597326,0.21967952,0.38934463
71.25,0.0,0.0,0.9850232448284834,1.0161174841749094,0.004835544,0.21971944,0.38990086,0.0047597326,0.21973938,0.38991657
71.375,0.0,0.0,0.9849942675992303,1.0161460396319215,0.004835693,0.21977957,0.39047205,0.0047597326,0.21979904,0.39048758
71.5,0.0,0.0,0.9849653198896784,1.016174566614721,0.0048358417,0.21983948,0.39104223,0.0047597326,0.21985845,0.39105788
71.625,0.0,0.0,0.9849363983689443,1.0162030664571928,0.0048359907,0.21989915,0.39161146,0.0047597326,0.21991754,0.39162698
71.75,0.0,0.0,0.9849075004619227,1.0162315431128286,0.0048361393,0.2199586,0.3921798,0.0047597326,0.2199764,0.39219537
71.875,0.0,0.0,0.9848786395426339,1.0162599816215785,0.0048362883,0.22001778,0.39274696,0.0047597326,0.22003503,0.3927625
72.0,0.0,0.0,0.9848498036960347,1.0162883938658256,0.004836436,0.2200767,0.3933132,0.0047597326,0.22009334,0.39332867
72.125,0.0,0.0,0.984820998342115,1.0163167782188347,0.0048365844,0.22013545,0.39387843,0.0047597326,0.22015145,0.393894
72.25,0.0,0.0,0.9847922198319501,1.0163451346241479,0.0048367325,0.22019395,0.3944427,0.0047597326,0.22020946,0.39445853
72.375,0.0,0.0,0.9847634713610998,1.0163734601397758,0.004836881,0.2202522,0.39500597,0.0047597326,0.22026725,0.39502183
72.5,0.0,0.0,0.9847347564227795,1.016401752645881,0.0048370287,0.22031023,0.39556816,0.0047597326,0.22032465,0.39558408
72.625,0.0,0.0,0.9847060626369348,1.0164300228161016,0.004837176,0.22036801,0.39612952,0.0047597326,0.22038195,0.39614534
72.75,0.0,0.0,0.9846773997441927,1.0164582634215915,0.0048373234,0.2204256,0.39668986,0.0047597326,0.22043878,0.3967057
72.875,0.0,0.0,0.9846487645439751,1.016486476221971,0.004837471,0.22048298,0.39724925,0.0047597326,0.2204955,0.39726496
73.0,0.0,0.0,0.9846201614667976,1.016514655470348,0.004837618,0.22054008,0.3978076,0.0047597326,0.2205521,0.39782363
73.125,0.0,0.0,0.9845915834527483,1.016542810345993,0.004837766,0.22059698,0.39836505,0.0047597326,0.22060838,0.398381
73.25,0.0,0.0,0.9845630367416469,1.016570934562508,0.0048379125,0.22065368,0.3989215,0.0047597326,0.22066455,0.39893717
73.375,0.0,0.0,0.9845345196383295,1.0165990285198807,0.0048380597,0.22071014,0.39947695,0.0047597326,0.22072048,0.39949298
73.5,0.0,0.0,0.9845060292940047,1.0166270953261174,0.0048382063,0.22076638,0.40003148,0.0047597326,0.22077608,0.4000479
73.625,0.0,0.0,0.9844775765920528,1.0166551244696063,0.004838353,0.22082238,0.40058488,0.0047597326,0.22083153,0.4006013
73.75,0.0,0.0,0.9844491524539066,1.0166831247386618,0.0048384992,0.22087815,0.40113732,0.0047597326,0.22088674,0.40115395
73.875,0.0,0.0,0.9844207571050523,1.0167110964524648,0.0048386455,0.22093372,0.4016888,0.0047597326,0.22094162,0.4017056
74.0,0.0,0.0,0.9843923861021766,1.0167390441855697,0.0048387917,0.2209891,0.40223944,0.0047597326,0.22099628,0.402256
74.125,0.0,0.0,0.9843640452226253,1.0167669598334825,0.0048389374,0.2210442,0.4027891,0.0047597326,0.22105081,0.40280586
74.25,0.0,0.0,0.9843357335992575,1.0167948469500796,0.004839083,0.22109911,0.40333778,0.0047597326,0.22110513,0.4033543
74.375,0.0,0.0,0.9843074575877295,1.0168226997049135,0.0048392294,0.22115383,0.4038854,0.0047597326,0.2211593,0.40390208
74.5,0.0,0.0,0.9842792107462716,1.0168505222459459,0.0048393747,0.2212083,0.40443206,0.0047597326,0.2212132,0.40444875
74.625,0.0,0.0,0.9842509919546409,1.0168783172472868,0.00483952,0.22126259,0.4049778,0.0047597326,0.22126694,0.4049945
74.75,0.0,0.0,0.9842228057798066,1.0169060793867186,0.0048396657,0.22131665,0.40552253,0.0047597326,0.22132039,0.40553924
74.875,0.0,0.0,0.9841946508095154,1.0169338099055698,0.0048398105,0.22137049,0.40606627,0.0047597326,0.22137363,0.40608308
75.0,0.0,0.0,0.9841665260249544,1.0169615119544437,0.004839956,0.22142416,0.40660906,0.0047597326,0.22142676,0.40662593
75.125,0.0,0.0,0.9841384294171828,1.0169891845171648,0.0048401006,0.2214776,0.40715092,0.0047597326,0.22147961,0.40716782
75.25,0.0,0.0,0.9841103628879063,1.0170168269486881,0.0048402455,0.22153082,0.40769184,0.0047597326,0.22153226,0.4077084
75.375,0.0,0.0,0.9840823264583689,1.0170444386247932,0.0048403894,0.22158383,0.4082318,0.0047597326,0.22158466,0.408248
75.5,0.0,0.0,0.9840543203156011,1.0170720199148644,0.004840534,0.22163662,0.4087708,0.0047597326,0.22163697,0.408787
75.625,0.0,0.0,0.9840263525810445,1.0170995639161238,0.0048406785,0.22168922,0.4093087,0.0047597326,0.22168887,0.40932477
75.75,0.0,0.0,0.98399841226665,1.01712708006621,0.004840822,0.22174162,0.4098457,0.0047597326,0.22174054,0.4098615
75.875,0.0,0.0,0.9839704977600136,1.0171545692512491,0.004840966,0.22179379,0.41038185,0.0047597326,0.22179224,0.41039798
76.0,0.0,0.0,0.9839426205440789,1.0171820226296358,0.0048411097,0.22184578,0.41091692,0.0047597326,0.22184345,0.41093308
76.125,0.0,0.0,0.9839147727481274,1.0172094467976533,0.0048412536,0.22189757,0.41145107,0.0047597326,0.22189452,0.411467
76.25,0.0,0.0,0.983886957305867,1.0172368373410767,0.004841397,0.22194913,0.41198424,0.0047597326,0.22194542,0.41200003
76.375,0.0,0.0,0.9838591747864989,1.0172641959636368,0.00484154,0.22200051,0.41251642,0.004759733,0.22199623,0.41253206
76.5,0.0,0.0,0.9838314249431915,1.0172915211676485,0.0048416834,0.22205167,0.4130476,0.004759733,0.2220468,0.41306323
76.625,0.0,0.0,0.9838037004750702,1.0173188218506863,0.004841826,0.22210266,0.41357797,0.004759733,0.22209711,0.4135934
76.75,0.0,0.0,0.983776010584656,1.017346087877661,0.0048419693,0.22215344,0.41410732,0.004759733,0.22214718,0.41412243
76.875,0.0,0.0,0.9837483506755036,1.0173733234098954,0.0048421123,0.22220401,0.41463575,0.004759733,0.22219716,0.41465062
77.0,0.0,0.0,0.983720725828485,1.0174005248969897,0.004842255,0.22225441,0.41516316,0.004759733,0.22224697,0.41517806
77.125,0.0,0.0,0.9836931298238758,1.017427697999468,0.004842397,0.22230463,0.41568968,0.004759733,0.22229648,0.41570443
77.25,0.0,0.0,0.9836655688582047,1.017454835884881,0.0048425393,0.22235464,0.41621518,0.004759733,0.22234574,0.41622958
77.375,0.0,0.0,0.9836380413712249,1.0174819393727519,0.0048426813,0.22240442,0.4167397,0.004759733,0.22239491,0.41675395
77.5,0.0,0.0,0.9836105446376293,1.0175090126280517,0.004842823,0.22245403,0.4172633,0.004759733,0.2224439,0.41727743
77.625,0.0,0.0,0.9835830819268901,1.017536052628121,0.0048429645,0.22250345,0.4177859,0.004759733,0.22249265,0.4177999
77.75,0.0,0.0,0.9835556482508859,1.0175630622048994,0.004843106,0.22255266,0.41830763,0.004759733,0.22254124,0.41832146
77.875,0.0,0.0,0.9835282518818697,1.0175900348835485,0.0048432476,0.22260167,0.4188283,0.004759733,0.22258955,0.41884196
78.0,0.0,0.0,0.9835008852066128,1.0176169787451044,0.004843389,0.22265051,0.4193481,0.004759733,0.22263767,0.41936153
78.125,0.0,0.0,0.9834735529996825,1.0176438888113724,0.0048435302,0.22269918,0.4198669,0.004759733,0.22268565,0.41988045
78.25,0.0,0.0,0.9834462505943815,1.0176707693283833,0.004843671,0.22274767,0.4203848,0.004759733,0.22273345,0.4203981
78.375,0.0,0.0,0.9834189859353581,1.0176976124157298,0.0048438115,0.22279596,0.42090166,0.004759733,0.22278109,0.4209151
78.5,0.0,0.0,0.9833917524314687,1.0177244223725836,0.004843952,0.22284402,0.4214176,0.004759733,0.22282846,0.42143103
78.625,0.0,0.0,0.9833645524425781,1.0177512004245872,0.0048440928,0.22289193,0.42193258,0.004759733,0.22287567,0.42194587
78.75,0.0,0.0,0.9833373808577491,1.017777948943587,0.004844233,0.22293963,0.4224467,0.004759733,0.22292285,0.4224599
78.875,0.0,0.0,0.9833102429925648,1.0178046653107264,0.004844373,0.22298717,0.42295986,0.004759733,0.22296974,0.42297277
79.0,0.0,0.0,0.983283140220165,1.0178313465228312,0.0048445133,0.22303453,0.42347205,0.004759733,0.22301637,0.4234846
79.125,0.0,0.0,0.9832560695718289,1.0178579958403764,0.004844653,0.22308171,0.4239833,0.004759733,0.22306277,0.42399555
79.25,0.0,0.0,0.9832290376447467,1.0178846077542967,0.0048447927,0.22312872,0.42449352,0.004759733,0.22310899,0.42450577
79.375,0.0,0.0,0.9832020345245038,1.0179111890408927,0.004844932,0.22317551,0.42500287,0.004759733,0.2231551,0.42501488
79.5,0.0,0.0,0.9831750670171688,1.0179377351457124,0.0048450716,0.22322212,0.42551124,0.004759733,0.22320099,0.42552346
79.625,0.0,0.0,0.9831481338770574,1.0179642483171771,0.0048452104,0.22326858,0.42601866,0.004759733,0.22324671,0.4260309
79.75,0.0,0.0,0.9831212316423275,1.0179907299964457,0.0048453496,0.22331485,0.42652518,0.004759733,0.22329223,0.42653736
79.875,0.0,0.0,0.98309436524461,1.0180171756180196,0.0048454884,0.22336093,0.4270307,0.004759733,0.22333753,0.42704263
80.0,0.0,0.0,0.9830675349947849,1.0180435860157204,0.004845627,0.22340684,0.42753527,0.004759733,0.22338276,0.42754704
80.125,0.0,0.0,0.9830407360838163,1.0180699650003666,0.0048457654,0.22345257,0.42803892,0.004759733,0.22342773,0.4280505
80.25,0.0,0.0,0.9830139702149878,1.0180963109785,0.0048459033,0.22349812,0.42854166,0.004759733,0.22347245,0.42855287
80.375,0.0,0.0,0.9829872358468763,1.018122625347655,0.004846042,0.2235435,0.4290435,0.004759733,0.22351703,0.42905432
80.5,0.0,0.0,0.98296053633653,1.018148904980726,0.00484618,0.22358869,0.4295444,0.004759733,0.22356142,0.42955506
80.625,0.0,0.0,0.9829338734792872,1.0181751487798656,0.0048463177,0.22363372,0.4300443,0.004759733,0.2236057,0.43005478
80.75,0.0,0.0,0.9829072423343373,1.0182013601072166,0.0048464555,0.22367856,0.4305433,0.004759733,0.22364976,0.4305538
80.875,0.0,0.0,0.9828806450579934,1.0182275392469118,0.0048465924,0.22372326,0.4310414,0.004759733,0.2236937,0.43105146
81.0,0.0,0.0,0.9828540846054757,1.018253681741331,0.0048467303,0.22376779,0.4315385,0.004759733,0.22373752,0.43154833
81.125,0.0,0.0,0.9828275577813073,1.018279789913164,0.0048468676,0.22381212,0.43203467,0.004759733,0.22378106,0.43204415
81.25,0.0,0.0,0.9828010636124611,1.0183058675066772,0.004847004,0.22385633,0.43252996,0.004759733,0.22382447,0.43253943
81.375,0.0,0.0,0.9827746062578432,1.0183319066450953,0.004847141,0.22390032,0.43302426,0.004759733,0.22386786,0.4330337
81.5,0.0,0.0,0.982748187882149,1.018357907606005,0.0048472774,0.22394414,0.43351755,0.004759733,0.223911,0.43352687
81.625,0.0,0.0,0.9827217989875274,1.0183838796801261,0.004847414,0.22398782,0.43401,0.004759733,0.22395402,0.43401918
81.75,0.0,0.0,0.9826954397782155,1.018409823228752,0.00484755,0.22403136,0.43450162,0.004759733,0.2239969,0.4345109
81.875,0.0,0.0,0.9826691177744604,1.0184357278469898,0.0048476863,0.22407468,0.43499225,0.004759733,0.22403951,0.4350015
82.0,0.0,0.0,0.9826428352458467,1.0184615942974078,0.0048478222,0.22411785,0.43548188,0.004759733,0.22408196,0.43549085
82.125,0.0,0.0,0.9826165856065258,1.0184874274584945,0.0048479578,0.22416084,0.4359706,0.004759733,0.22412413,0.43597928
82.25,0.0,0.0,0.9825903690314605,1.0185132277273425,0.0048480937,0.22420366,0.43645844,0.004759733,0.22416623,0.43646678
82.375,0.0,0.0,0.9825641856349254,1.0185389949655588,0.0048482292,0.22424632,0.43694538,0.004759733,0.22420813,0.43695357
82.5,0.0,0.0,0.9825380401651181,1.018564723615857,0.0048483643,0.22428879,0.43743134,0.004759733,0.22424988,0.43743935
82.625,0.0,0.0,0.9825119283643303,1.0185904204704601,0.0048484993,0.22433114,0.4379164,0.004759733,0.22429143,0.43792427
82.75,0.0,0.0,0.9824858516329049,1.0186160824768609,0.0048486344,0.22437333,0.43840054,0.004759733,0.2243329,0.4384083
82.875,0.0,0.0,0.9824598149600474,1.0186417050049024,0.0048487685,0.22441535,0.43888366,0.004759733,0.22437413,0.43889126
83.0,0.0,0.0,0.9824338101706711,1.0186672949929476,0.0048489035,0.22445719,0.43936592,0.004759733,0.22441524,0.4393735
83.125,0.0,0.0,0.9824078394280075,1.0186928527324135,0.004849038,0.22449891,0.4398473,0.004759733,0.2244561,0.4398547
83.25,0.0,0.0,0.9823819041480952,1.0187183751494175,0.0048491717,0.22454047,0.44032773,0.004759733,0.22449698,0.4403349
83.375,0.0,0.0,0.9823560025545294,1.0187438627038297,0.004849306,0.22458184,0.44080728,0.004759733,0.22453757,0.44081423
83.5,0.0,0.0,0.9823301384305834,1.0187693141981906,0.0048494395,0.22462307,0.44128588,0.004759733,0.22457804,0.44129267
83.625,0.0,0.0,0.982304308599225,1.0187947325400422,0.004849573,0.22466417,0.44176358,0.004759733,0.22461833,0.44177014
83.75,0.0,0.0,0.9822785177303203,1.0188201116543056,0.004849707,0.22470509,0.4422403,0.004759733,0.22465843,0.4422467
83.875,0.0,0.0,0.9822527610272939,1.018845455936874,0.0048498404,0.22474582,0.44271612,0.004759733,0.22469841,0.44272253
84.0,0.0,0.0,0.9822270406326171,1.0188707657105065,0.0048499736,0.22478645,0.44319102,0.004759733,0.22473831,0.44319764
84.125,0.0,0.0,0.9822013483697386,1.018896047911977,0.0048501063,0.22482693,0.44366515,0.004759733,0.22477809,0.44367144
84.25,0.0,0.0,0.9821756970540282,1.0189212889554309,0.0048502395,0.22486724,0.44413826,0.004759733,0.2248176,0.44414398
84.375,0.0,0.0,0.9821500805868028,1.0189464961783663,0.0048503717,0.22490741,0.44461048,0.004759733,0.22485702,0.44461584
84.5,0.0,0.0,0.9821245017922213,1.01897166404241,0.004850504,0.22494738,0.44508174,0.004759733,0.22489627,0.44508684
84.625,0.0,0.0,0.9820989530816434,1.0189968024434444,0.0048506367,0.22498721,0.4455522,0.004759733,0.22493517,0.44555685
84.75,0.0,0.0,0.9820734442866713,1.0190219016906408,0.0048507685,0.22502689,0.44602168,0.004759733,0.2249741,0.44602618
84.875,0.0,0.0,0.9820479706667602,1.0190469667253321,0.0048509003,0.22506644,0.44649026,0.004759733,0.22501287,0.44649452
85.0,0.0,0.0,0.9820225303652907,1.0190719974861318,0.004851032,0.2251058,0.44695798,0.004759733,0.22505143,0.44696212
85.125,0.0,0.0,0.9819971351421924,1.0190969842579818,0.004851164,0.22514503,0.44742462,0.004759733,0.22508986,0.44742864
85.25,0.0,0.0,0.9819717671711818,1.019121944057357,0.004851295,0.22518411,0.44789052,0.004759733,0.22512814,0.44789413
85.375,0.0,0.0,0.981946436055149,1.0191468662436154,0.0048514265,0.22522302,0.4483555,0.004759733,0.2251662,0.44835845
85.5,0.0,0.0,0.9819211437365656,1.019171750163471,0.0048515573,0.22526178,0.44881952,0.004759733,0.22520415,0.44882232
85.625,0.0,0.0,0.9818958839368961,1.0191966027630788,0.0048516877,0.22530042,0.4492827,0.004759733,0.22524197,0.44928506
85.75,0.0,0.0,0.9818706632722609,1.019221417918913,0.004851819,0.22533894,0.44974494,0.004759733,0.22527963,0.44974697
85.875,0.0,0.0,0.9818454766566589,1.0192461985327035,0.004851949,0.22537729,0.4502063,0.004759733,0.22531714,0.45020804
86.0,0.0,0.0,0.9818203274150756,1.0192709415219883,0.0048520793,0.22541548,0.45066676,0.004759733,0.2253546,0.45066836
86.125,0.0,0.0,0.9817952124663283,1.0192956502893062,0.0048522092,0.22545353,0.45112634,0.004759733,0.22539186,0.4511275
86.25,0.0,0.0,0.9817701353598957,1.0193203227108683,0.0048523396,0.22549145,0.451585,0.004759733,0.22542903,0.45158595
86.375,0.0,0.0,0.9817450940708677,1.019344957692076,0.004852469,0.22552918,0.45204276,0.004759733,0.22546591,0.45204344
86.5,0.0,0.0,0.9817200926394382,1.0193695555915978,0.004852599,0.22556682,0.45249957,0.004759733,0.22550267,0.45250002
86.625,0.0,0.0,0.98169512903003,1.0193941153272121,0.0048527285,0.2256043,0.45295545,0.004759733,0.22553931,0.45295584
86.75,0.0,0.0,0.9816701952683922,1.0194186454276433,0.004852858,0.22564164,0.45341057,0.004759733,0.22557575,0.45341074
86.875,0.0,0.0,0.9816452995141296,1.0194431371400312,0.004852986,0.22567882,0.45386475,0.004759733,0.22561213,0.45386454
87.0,0.0,0.0,0.981620443641892,1.0194675898995742,0.004853115,0.22571586,0.454318,0.004759733,0.22564828,0.4543174
87.125,0.0,0.0,0.981595614746152,1.0194920167914725,0.004853244,0.2257528,0.4547705,0.004759733,0.22568443,0.45476925
87.25,0.0,0.0,0.9815708274799748,1.0195164024721923,0.0048533725,0.22578959,0.45522204,0.004759733,0.22572038,0.45522025
87.375,0.0,0.0,0.9815460818333014,1.0195407463381736,0.0048535005,0.22582622,0.4556726,0.004759733,0.22575608,0.45567086
87.5,0.0,0.0,0.9815213650334492,1.01956506254719,0.004853629,0.22586274,0.4561224,0.004759733,0.22579178,0.4561203
87.625,0.0,0.0,0.9814966883734463,1.0195893382623786,0.0048537566,0.2258991,0.45657125,0.004759733,0.22582737,0.45656854
87.75,0.0,0.0,0.9814720470475236,1.0196135785042781,0.004853884,0.22593531,0.45701924,0.004759733,0.22586282,0.45701638
87.875,0.0,0.0,0.9814474428873688,1.019637782144895,0.004854012,0.22597139,0.45746633,0.004759733,0.22589815,0.45746326
88.0,0.0,0.0,0.9814228728540556,1.019661953155666,0.0048541394,0.22600736,0.4579126,0.004759733,0.22593322,0.45790923
88.125,0.0,0.0,0.9813983397528868,1.0196860853797158,0.004854267,0.22604313,0.45835796,0.0047597336,0.22596823,0.4583543
88.25,0.0,0.0,0.9813738460265158,1.019710180655492,0.0048543937,0.22607882,0.4588024,0.0047597336,0.2260031,0.45879847
88.375,0.0,0.0,0.9813493811839864,1.0197342451468627,0.004854521,0.22611433,0.4592461,0.0047597336,0.22603777,0.45924178
88.5,0.0,0.0,0.9813249624105715,1.0197582658580895,0.004854647,0.22614974,0.45968875,0.0047597336,0.22607228,0.45968387
88.625,0.0,0.0,0.9813005778466649,1.0197822519905102,0.0048547736,0.226185,0.46013057,0.0047597336,0.2261067,0.4601253
88.75,0.0,0.0,0.9812762310089681,1.0198062008492434,0.0048549,0.22622012,0.4605715,0.0047597336,0.2261409,0.46056604
88.875,0.0,0.0,0.9812519238301176,1.0198301118051059,0.0048550256,0.22625513,0.4610115,0.0047597336,0.22617503,0.46100572
89.0,0.0,0.0,0.9812276511853415,1.0198539884104543,0.0048551518,0.22629002,0.46145067,0.0047597336,0.22620901,0.46144477
89.125,0.0,0.0,0.9812034131714789,1.0198778305483727,0.0048552775,0.22632477,0.461889,0.0047597336,0.22624286,0.4618828
89.25,0.0,0.0,0.9811792080897618,1.019901639184802,0.004855403,0.22635937,0.46232653,0.0047597336,0.22627659,0.46231997
89.375,0.0,0.0,0.9811550442512823,1.0199254059998644,0.0048555285,0.2263938,0.4627631,0.0047597336,0.22631024,0.4627564
89.5,0.0,0.0,0.9811309172077637,1.0199491380600731,0.0048556537,0.22642815,0.4631988,0.0047597336,0.22634366,0.4631917
89.625,0.0,0.0,0.9811068267579153,1.0199728337519496,0.0048557785,0.22646236,0.46363366,0.0047597336,0.22637708,0.463626
89.75,0.0,0.0,0.981082774726381,1.0199964919597537,0.0048559033,0.22649646,0.4640676,0.0047597336,0.22641021,0.46405983
89.875,0.0,0.0,0.981058759331009,1.0200201131297613,0.004856028,0.2265304,0.4645007,0.0047597336,0.22644332,0.4644926
90.0,0.0,0.0,0.9810347777011812,1.0200437022733748,0.0048561525,0.22656426,0.46493298,0.0047597336,0.2264763,0.46492454
90.125,0.0,0.0,0.9810108360951699,1.0200672506041963,0.004856277,0.22659795,0.46536434,0.0047597336,0.22650917,0.4653557
90.25,0.0,0.0,0.9809869365572722,1.020090757981411,0.0048564007,0.22663152,0.46579474,0.0047597336,0.22654188,0.46578577
90.375,0.0,0.0,0.9809630657907897,1.0201142367234757,0.0048565245,0.22666498,0.46622443,0.0047597336,0.22657447,0.46621498
90.5,0.0,0.0,0.9809392388983661,1.0201376728008444,0.0048566484,0.22669831,0.46665314,0.0047597336,0.226607,0.46664354
90.625,0.0,0.0,0.9809154443517218,1.0201610774841179,0.0048567723,0.22673154,0.46708107,0.0047597336,0.22663924,0.46707094
90.75,0.0,0.0,0.9808916919934288,1.0201844398309499,0.004856895,0.22676462,0.46750805,0.0047597336,0.22667143,0.46749783
90.875,0.0,0.0,0.9808679737000594,1.0202077685558306,0.004857018,0.22679758,0.46793422,0.0047597336,0.2267036,0.4679237
91.0,0.0,0.0,0.9808442929688493,1.0202310609930996,0.0048571415,0.22683044,0.46835953,0.0047597336,0.22673547,0.46834883
91.125,0.0,0.0,0.980820648044793,1.0202543175522139,0.004857264,0.22686316,0.468784,0.0047597336,0.22676732,0.46877316
91.25,0.0,0.0,0.9807970406369166,1.0202775366380674,0.004857387,0.22689575,0.4692076,0.0047597336,0.22679898,0.46919638
91.375,0.0,0.0,0.9807734690712719,1.020300719182508,0.0048575094,0.22692819,0.4696304,0.0047597336,0.22683054,0.4696188
91.5,0.0,0.0,0.9807499337902494,1.0203238671388584,0.0048576314,0.22696054,0.47005233,0.0047597336,0.22686197,0.47004047
91.625,0.0,0.0,0.9807264313085422,1.020346982537984,0.0048577534,0.22699277,0.4704735,0.0047597336,0.22689334,0.47046146
91.75,0.0,0.0,0.9807029735421761,1.0203700548880024,0.004857875,0.2270249,0.47089368,0.0047597336,0.22692455,0.47088137
91.875,0.0,0.0,0.9806795468483822,1.0203930950551128,0.0048579965,0.22705688,0.47131312,0.0047597336,0.22695565,0.47130036
92.0,0.0,0.0,0.9806561583661141,1.0204160987802,0.0048581185,0.22708876,0.4717317,0.0047597336,0.22698659,0.4717185
92.125,0.0,0.0,0.9806328076457189,1.020439062870958,0.0048582396,0.22712047,0.4721494,0.0047597336,0.22701737,0.4721356
92.25,0.0,0.0,0.9806094953805452,1.0204619908497161,0.0048583606,0.22715211,0.47256625,0.0047597336,0.2270481,0.47255194
92.375,0.0,0.0,0.9805862212820681,1.0204848805746876,0.004858481,0.22718361,0.47298223,0.0047597336,0.22707863,0.47296745
92.5,0.0,0.0,0.9805629838055154,1.0205077340671997,0.0048586023,0.22721499,0.47339737,0.0047597336,0.22710915,0.47338194
92.625,0.0,0.0,0.9805397830540695,1.0205305512026717,0.0048587224,0.22724625,0.4738117,0.0047597336,0.2271395,0.47379604
92.75,0.0,0.0,0.9805166209372519,1.0205533313914958,0.0048588426,0.22727743,0.47422513,0.0047597336,0.22716968,0.47420916
92.875,0.0,0.0,0.9804934921832348,1.0205760777261963,0.004858963,0.22730847,0.4746378,0.0047597336,0.22719985,0.47462162
93.0,0.0,0.0,0.9804704053154617,1.020598782254359,0.004859083,0.22733937,0.47504956,0.0047597336,0.2272299,0.47503313
93.125,0.0,0.0,0.9804473521250134,1.0206214537968525,0.004859203,0.22737017,0.47546053,0.0047597336,0.22725978,0.4754437
93.25,0.0,0.0,0.9804243394424327,1.0206440859787738,0.0048593227,0.22740087,0.4758706,0.0047597336,0.2272896,0.47585347
93.375,0.0,0.0,0.980401365571287,1.0206666797571524,0.0048594414,0.22743145,0.47627982,0.0047597336,0.22731921,0.47626233
93.5,0.0,0.0,0.9803784238712534,1.0206892419034381,0.004859561,0.22746192,0.4766883,0.0047597336,0.2273488,0.47667035
93.625,0.0,0.0,0.9803555194237339,1.0207117670617922,0.00485968,0.22749227,0.47709593,0.0047597336,0.2273783,0.4770776
93.75,0.0,0.0,0.9803326540367475,1.0207342541432949,0.004859799,0.22752252,0.4775027,0.0047597336,0.2274076,0.4774839
93.875,0.0,0.0,0.9803098208623379,1.0207567082945679,0.004859918,0.22755264,0.47790873,0.0047597336,0.22743684,0.47788933
94.0,0.0,0.0,0.9802870269009158,1.0207791241858322,0.004860036,0.22758265,0.4783139,0.0047597336,0.22746587,0.47829384
94.125,0.0,0.0,0.9802642723087243,1.0208015022547403,0.004860154,0.22761257,0.4787182,0.0047597336,0.2274949,0.47869778
94.25,0.0,0.0,0.9802415536539244,1.0208238450851088,0.004860272,0.22764239,0.47912169,0.0047597336,0.22752374,0.47910082
94.375,0.0,0.0,0.9802188741372622,1.020846147872766,0.00486039,0.22767206,0.4795243,0.0047597336,0.22755246,0.479503
94.5,0.0,0.0,0.9801962307745007,1.0208684157871086,0.0048605083,0.22770163,0.47992614,0.0047597336,0.2275811,0.4799044
94.625,0.0,0.0,0.9801736303471712,1.020890641888158,0.0048606256,0.22773111,0.48032704,0.0047597336,0.22760966,0.48030493
94.75,0.0,0.0,0.9801510625568491,1.020912834550004,0.004860743,0.22776045,0.4807272,0.0047597336,0.22763808,0.48070487
94.875,0.0,0.0,0.9801285345973251,1.0209349894644897,0.0048608603,0.22778971,0.4811265,0.0047597336,0.22766636,0.48110372
95.0,0.0,0.0,0.9801060428097637,1.020957107608957,0.0048609767,0.22781885,0.48152497,0.0047597336,0.22769465,0.48150176
95.125,0.0,0.0,0.980083589003786,1.02097918789391,0.0048610936,0.22784786,0.48192263,0.0047597336,0.22772273,0.4818989
95.25,0.0,0.0,0.9800611733433344,1.021001230748182,0.0048612105,0.22787677,0.48231944,0.0047597336,0.22775076,0.48229554
95.375,0.0,0.0,0.9800387960803932,1.0210232371215762,0.004861327,0.2279056,0.48271543,0.0047597336,0.22777863,0.482691
95.5,0.0,0.0,0.9800164484327099,1.0210452127696392,0.004861443,0.2279343,0.48311073,0.0047597336,0.2278064,0.4830858
95.625,0.0,0.0,0.9799941407202171,1.021067148670085,0.004861559,0.22796288,0.48350516,0.0047597336,0.22783412,0.48347953
95.75,0.0,0.0,0.9799718679980275,1.0210890500153134,0.0048616747,0.22799136,0.48389882,0.0047597336,0.22786175,0.4838728
95.875,0.0,0.0,0.9799496389227288,1.0211109093240596,0.00486179,0.22801974,0.48429155,0.0047597336,0.2278892,0.484265
96.0,0.0,0.0,0.9799274432586109,1.0211327355175188,0.0048619057,0.22804803,0.48468354,0.0047597336,0.2279166,0.48465657
96.125,0.0,0.0,0.9799052893898588,1.021154519561323,0.004862021,0.22807617,0.48507464,0.0047597336,0.22794382,0.48504728
96.25,0.0,0.0,0.9798831659224593,1.0211762750702882,0.004862136,0.22810426,0.48546505,0.0047597336,0.22797106,0.4854372
96.375,0.0,0.0,0.9798610808914583,1.0211979909209867,0.0048622508,0.2281322,0.48585463,0.0047597336,0.22799805,0.4858263
96.5,0.0,0.0,0.9798390347838234,1.0212196696651874,0.0048623653,0.22816007,0.48624337,0.0047597336,0.22802506,0.4862145
96.625,0.0,0.0,0.9798170290879002,1.021241308092076,0.0048624803,0.22818781,0.48663124,0.0047597336,0.22805193,0.48660204
96.75,0.0,0.0,0.9797950589533607,1.0212629119080983,0.004862595,0.22821547,0.48701835,0.0047597336,0.22807863,0.48698857
96.875,0.0,0.0,0.9797731228310245,1.021284483144134,0.0048627085,0.22824305,0.4874047,0.0047597336,0.22810523,0.48737437
97.0,0.0,0.0,0.9797512307074845,1.0213060106717953,0.0048628226,0.22827052,0.48779014,0.0047597336,0.22813167,0.4877595
97.125,0.0,0.0,0.9797293724257128,1.02132750394177,0.0048629367,0.22829786,0.48817483,0.0047597336,0.22815812,0.4881436
97.25,0.0,0.0,0.9797075517378834,1.0213489612476292,0.00486305,0.22832513,0.4885587,0.0047597336,0.22818433,0.4885271
97.375,0.0,0.0,0.9796857616745375,1.021370387872563,0.004863163,0.2283523,0.4889419,0.0047597336,0.22821043,0.48890978
97.5,0.0,0.0,0.9796640125189678,1.0213917742147856,0.0048632766,0.22837935,0.48932424,0.0047597336,0.2282366,0.48929167
97.625,0.0,0.0,0.9796423026485173,1.021413121764821,0.00486339,0.22840631,0.48970574,0.0047597336,0.22826268,0.4896726
97.75,0.0,0.0,0.9796206321218933,1.0214344304524738,0.0048635025,0.22843316,0.4900864,0.0047597336,0.2282886,0.49005237
97.875,0.0,0.0,0.9795989993617659,1.0214557023436468,0.004863615,0.22845992,0.49046627,0.0047597336,0.22831441,0.49043176
98.0,0.0,0.0,0.9795774009308251,1.0214769400215116,0.0048637274,0.22848658,0.49084538,0.0047597336,0.2283401,0.4908102
98.125,0.0,0.0,0.9795558368694006,1.0214981434380352,0.0048638396,0.22851314,0.49122375,0.0047597336,0.2283657,0.49118787
98.25,0.0,0.0,0.9795343124493504,1.0215193082656824,0.004863952,0.2285396,0.4916013,0.0047597336,0.22839127,0.49156472
98.375,0.0,0.0,0.9795128277405799,1.0215404344208627,0.0048640636,0.22856598,0.491978,0.0047597336,0.2284167,0.49194103
98.5,0.0,0.0,0.9794913774799445,1.0215615255916157,0.0048641753,0.22859223,0.49235395,0.0047597336,0.22844201,0.49231645
98.625,0.0,0.0,0.9794699636159663,1.0215825811549692,0.0048642866,0.2286184,0.49272913,0.0047597336,0.22846718,0.49269134
98.75,0.0,0.0,0.9794485879881453,1.0216035999907358,0.004864398,0.22864449,0.4931035,0.0047597336,0.22849235,0.49306518
98.875,0.0,0.0,0.9794272486819492,1.0216245820506835,0.004864509,0.22867046,0.4934771,0.0047597336,0.22851737,0.49343824
99.0,0.0,0.0,0.9794059475632981,1.021645526181733,0.00486462,0.22869633,0.4938499,0.0047597336,0.2285423,0.49381033
99.125,0.0,0.0,0.9793846831413818,1.0216664349769384,0.0048647304,0.22872213,0.49422193,0.0047597336,0.2285672,0.4941819
99.25,0.0,0.0,0.979363458790511,1.0216873046714285,0.0048648412,0.22874783,0.4945931,0.0047597336,0.22859196,0.49455264
99.375,0.0,0.0,0.9793422695269778,1.0217081405061956,0.0048649516,0.22877346,0.49496356,0.0047597336,0.22861655,0.49492243
99.5,0.0,0.0,0.9793211150511252,1.0217289403191436,0.004865062,0.22879896,0.49533325,0.0047597336,0.22864102,0.49529156
99.625,0.0,0.0,0.9792999957640386,1.0217497061510816,0.004865172,0.22882438,0.4957022,0.0047597336,0.22866544,0.49565977
99.75,0.0,0.0,0.9792789113793761,1.0217704358225095,0.0048652813,0.22884966,0.4960704,0.0047597336,0.22868977,0.49602753
99.875,0.0,0.0,0.9792578709366446,1.0217911239248474,0.004865391,0.22887489,0.49643773,0.0047597336,0.22871402,0.49639425
100.0,0.0,0.0,0.9792368639516483,1.0218117784058054,0.0048655006,0.22890002,0.49680433,0.0047597336,0.22873817,0.49675873
